<?xml version = '1.0' encoding = 'UTF-8'?>
<Diagram class="oracle.dbtools.crest.swingui.relational.DPVRelational" name="script completo" id="14E3B5FC-FF37-AC24-5CAB-9D370DFA83B7">
<createdBy>angel</createdBy>
<modifiedBy>angel</modifiedBy>
<createdTime>2025-05-01 17:09:14 UTC</createdTime>
<autoRoute>false</autoRoute>
<boxInbox>true</boxInbox>
<showLegend>false</showLegend>
<showLabels>false</showLabels>
<showRelAttributes>false</showRelAttributes>
<gridEnabled>false</gridEnabled>
<showGrid>false</showGrid>
<diagramColor>-1</diagramColor>
<display>false</display>
<notation>1</notation>
<objectViews>
<OView class="oracle.dbtools.crest.swingui.relational.TVTable" oid="02CE2CB0-18F7-6AEA-5C46-1CE49089D14C" otype="Table" vid="7A01984A-9690-A0DB-6BEE-24A5D3B47D2A">
<hideElementsInCurrentOnly>false</hideElementsInCurrentOnly>
<bounds x="1938" y="371" width="209" height="116"/>
</OView>
<OView class="oracle.dbtools.crest.swingui.relational.TVTable" oid="02F8A637-26D2-FB0D-128C-A2B2A73B28CA" otype="Table" vid="6E7467E5-1694-48B7-795E-C7C406AD81E7">
<hideElementsInCurrentOnly>false</hideElementsInCurrentOnly>
<bounds x="223" y="378" width="256" height="178"/>
</OView>
<OView class="oracle.dbtools.crest.swingui.relational.TVTable" oid="222F1D39-311C-2C00-71DD-3C23CBC5C4FF" otype="Table" vid="C9585E75-3B31-E7C9-BEA9-A4BFE59F1BD4">
<hideElementsInCurrentOnly>false</hideElementsInCurrentOnly>
<bounds x="1443" y="181" width="226" height="220"/>
</OView>
<OView class="oracle.dbtools.crest.swingui.relational.TVTable" oid="301495B5-8F1A-1427-8F8E-E097512F7722" otype="Table" vid="7A6B2769-2272-3982-7E48-529AE0A28F41">
<hideElementsInCurrentOnly>false</hideElementsInCurrentOnly>
<bounds x="1006" y="109" width="342" height="332"/>
</OView>
<OView class="oracle.dbtools.crest.swingui.relational.TVTable" oid="3F8B64F1-8EF0-AFE1-97C7-8974B7F7B586" otype="Table" vid="E879F7AB-41EC-CA9F-EB29-B89436D74C26">
<hideElementsInCurrentOnly>false</hideElementsInCurrentOnly>
<bounds x="674" y="1219" width="213" height="144"/>
</OView>
<OView class="oracle.dbtools.crest.swingui.relational.TVTable" oid="578DCC67-B14A-51C4-DC9F-736D344A60CD" otype="Table" vid="A52AD183-DC13-7ACB-4D3C-09501270E85D">
<hideElementsInCurrentOnly>false</hideElementsInCurrentOnly>
<bounds x="1967" y="755" width="213" height="130"/>
</OView>
<OView class="oracle.dbtools.crest.swingui.relational.TVTable" oid="646F4572-6598-2C89-92D5-4DD7E512BD5B" otype="Table" vid="5F5EDE99-9E43-FF19-9909-8F5A36D9BB6F">
<hideElementsInCurrentOnly>false</hideElementsInCurrentOnly>
<bounds x="1650" y="845" width="247" height="220"/>
</OView>
<OView class="oracle.dbtools.crest.swingui.relational.TVTable" oid="66C7F414-8EAD-87A2-DCC1-85709D28AE5F" otype="Table" vid="1289BBA6-43D7-A6BF-DF21-E8428D8696E1">
<hideElementsInCurrentOnly>false</hideElementsInCurrentOnly>
<bounds x="1539" y="1143" width="203" height="192"/>
</OView>
<OView class="oracle.dbtools.crest.swingui.relational.TVTable" oid="6766E9DA-E9D7-0AC8-8009-2BAF02A68E9E" otype="Table" vid="AF7B9199-A777-EE1D-5A35-C91D594CC062">
<hideElementsInCurrentOnly>false</hideElementsInCurrentOnly>
<bounds x="1059" y="1117" width="241" height="234"/>
</OView>
<OView class="oracle.dbtools.crest.swingui.relational.TVTable" oid="718D4D31-FDB9-83FD-5F90-95F757F0AF07" otype="Table" vid="D1D99C37-C2AB-259E-693C-34593A4A1A5F">
<hideElementsInCurrentOnly>false</hideElementsInCurrentOnly>
<bounds x="178" y="913" width="263" height="116"/>
</OView>
<OView class="oracle.dbtools.crest.swingui.relational.TVTable" oid="797A002D-2C3F-BDFA-8AA9-0084A39F5449" otype="Table" vid="78EA181F-FBE0-9639-3962-11C9B2593886">
<hideElementsInCurrentOnly>false</hideElementsInCurrentOnly>
<bounds x="671" y="60" width="216" height="158"/>
</OView>
<OView class="oracle.dbtools.crest.swingui.relational.TVTable" oid="8838DAAA-9847-76AE-7133-BE2A112EFFD3" otype="Table" vid="658E0424-127D-61D7-41CB-5182D229A22E">
<hideElementsInCurrentOnly>false</hideElementsInCurrentOnly>
<bounds x="1969" y="951" width="260" height="116"/>
</OView>
<OView class="oracle.dbtools.crest.swingui.relational.TVTable" oid="9984AB63-28BF-FB72-B1B6-3B30674CFDBD" otype="Table" vid="2EE0E1C2-F509-5706-DC19-E765427C173C">
<hideElementsInCurrentOnly>false</hideElementsInCurrentOnly>
<bounds x="1918" y="577" width="216" height="150"/>
</OView>
<OView class="oracle.dbtools.crest.swingui.relational.TVTable" oid="B4AD8E71-B905-33DC-35E3-BF583C1F7851" otype="Table" vid="74D9932F-2E66-E7F0-1A48-42B9FFD3EB24">
<hideElementsInCurrentOnly>false</hideElementsInCurrentOnly>
<bounds x="1623" y="422" width="234" height="234"/>
</OView>
<OView class="oracle.dbtools.crest.swingui.relational.TVTable" oid="B4E52A9A-D5BC-1DD5-F812-E2463C1B9315" otype="Table" vid="0082E1D2-6D63-7533-EA60-478DE9EEAEE6">
<hideElementsInCurrentOnly>false</hideElementsInCurrentOnly>
<bounds x="1775" y="35" width="225" height="234"/>
</OView>
<OView class="oracle.dbtools.crest.swingui.relational.TVTable" oid="CC30FAEC-8C5D-4730-45DB-06F2DF7936E8" otype="Table" vid="11E2B566-0CF4-BE73-3F44-771708C561AD">
<hideElementsInCurrentOnly>false</hideElementsInCurrentOnly>
<bounds x="1270" y="640" width="228" height="234"/>
</OView>
<OView class="oracle.dbtools.crest.swingui.relational.TVTable" oid="E1061FA7-1FE3-CC41-114E-13F5AFC0E17B" otype="Table" vid="DE8E57F0-25AF-417C-5F47-188AA34F72A9">
<hideElementsInCurrentOnly>false</hideElementsInCurrentOnly>
<bounds x="216" y="604" width="211" height="130"/>
</OView>
<OView class="oracle.dbtools.crest.swingui.relational.TVTable" oid="F3EE6FD8-B896-A765-B599-FDDDCE898033" otype="Table" vid="898FA46A-2CE8-A007-D9A5-1523999452E6">
<hideElementsInCurrentOnly>false</hideElementsInCurrentOnly>
<bounds x="569" y="426" width="233" height="332"/>
</OView>
<OView class="oracle.dbtools.crest.swingui.relational.TVTable" oid="F4B4CB0C-17F2-61B5-A02A-BD521473BAC1" otype="Table" vid="2EB274E8-4AF8-092B-1ACA-E56E06EBD808">
<hideElementsInCurrentOnly>false</hideElementsInCurrentOnly>
<bounds x="538" y="842" width="306" height="304"/>
</OView>
<OView class="oracle.dbtools.crest.swingui.relational.TVTable" oid="F5BF668E-618F-DCF4-434D-E769DFE09075" otype="Table" vid="CB17F3CA-57FD-0F43-4B65-080D6E55D2B5">
<hideElementsInCurrentOnly>false</hideElementsInCurrentOnly>
<bounds x="946" y="472" width="192" height="178"/>
</OView>
</objectViews>
<connectors>
<Connector class="oracle.dbtools.crest.swingui.relational.TVFKRelation" oid="04234AF5-1128-F499-EE71-E19D3378D002" otype="FKIndexAssociation" vid_source="898FA46A-2CE8-A007-D9A5-1523999452E6" vid_target="7A6B2769-2272-3982-7E48-529AE0A28F41">
<hideElementsInCurrentOnly>false</hideElementsInCurrentOnly>
<backgroundColor>-16777216</backgroundColor>
<lineWidth>1</lineWidth>
<points>
<point x="802" y="433"/>
<point x="1006" y="433"/>
</points>
</Connector>
<Connector class="oracle.dbtools.crest.swingui.relational.TVFKRelation" oid="0B33352E-7D7E-C4D3-B771-96978207EB83" otype="FKIndexAssociation" vid_source="11E2B566-0CF4-BE73-3F44-771708C561AD" vid_target="CB17F3CA-57FD-0F43-4B65-080D6E55D2B5">
<hideElementsInCurrentOnly>false</hideElementsInCurrentOnly>
<backgroundColor>-16777216</backgroundColor>
<lineWidth>1</lineWidth>
<points>
<point x="1270" y="645"/>
<point x="1138" y="645"/>
</points>
</Connector>
<Connector class="oracle.dbtools.crest.swingui.relational.TVFKRelation" oid="175FE216-EC7B-DCD2-BC1B-32958D6B06F5" otype="FKIndexAssociation" vid_source="E879F7AB-41EC-CA9F-EB29-B89436D74C26" vid_target="AF7B9199-A777-EE1D-5A35-C91D594CC062">
<hideElementsInCurrentOnly>false</hideElementsInCurrentOnly>
<backgroundColor>-16777216</backgroundColor>
<lineWidth>1</lineWidth>
<points>
<point x="887" y="1285"/>
<point x="1059" y="1285"/>
</points>
</Connector>
<Connector class="oracle.dbtools.crest.swingui.relational.TVFKRelation" oid="29DDC05A-FD67-5DBF-7501-40EF08C511EA" otype="FKIndexAssociation" vid_source="D1D99C37-C2AB-259E-693C-34593A4A1A5F" vid_target="2EB274E8-4AF8-092B-1ACA-E56E06EBD808">
<hideElementsInCurrentOnly>false</hideElementsInCurrentOnly>
<backgroundColor>-16777216</backgroundColor>
<lineWidth>1</lineWidth>
<points>
<point x="441" y="971"/>
<point x="538" y="971"/>
</points>
</Connector>
<Connector class="oracle.dbtools.crest.swingui.relational.TVFKRelation" oid="34C38E35-9578-E28B-4180-8CF356C6DA62" otype="FKIndexAssociation" vid_source="11E2B566-0CF4-BE73-3F44-771708C561AD" vid_target="898FA46A-2CE8-A007-D9A5-1523999452E6">
<hideElementsInCurrentOnly>false</hideElementsInCurrentOnly>
<backgroundColor>-16777216</backgroundColor>
<lineWidth>1</lineWidth>
<points>
<point x="1270" y="699"/>
<point x="802" y="699"/>
</points>
</Connector>
<Connector class="oracle.dbtools.crest.swingui.relational.TVFKRelation" oid="35E38CC4-9722-2951-0226-9B6A67EFFBEC" otype="FKIndexAssociation" vid_source="AF7B9199-A777-EE1D-5A35-C91D594CC062" vid_target="2EB274E8-4AF8-092B-1ACA-E56E06EBD808">
<hideElementsInCurrentOnly>false</hideElementsInCurrentOnly>
<backgroundColor>-16777216</backgroundColor>
<lineWidth>1</lineWidth>
<points>
<point x="1059" y="1131"/>
<point x="844" y="1131"/>
</points>
</Connector>
<Connector class="oracle.dbtools.crest.swingui.relational.TVFKRelation" oid="37955BB8-290D-87C4-87DC-FF7EA014C7C5" otype="FKIndexAssociation" vid_source="11E2B566-0CF4-BE73-3F44-771708C561AD" vid_target="7A6B2769-2272-3982-7E48-529AE0A28F41">
<hideElementsInCurrentOnly>false</hideElementsInCurrentOnly>
<backgroundColor>-16777216</backgroundColor>
<lineWidth>1</lineWidth>
<points>
<point x="1309" y="640"/>
<point x="1309" y="441"/>
</points>
</Connector>
<Connector class="oracle.dbtools.crest.swingui.relational.TVFKRelation" oid="3CE9E024-726F-4B99-81FB-E905F99685C0" otype="FKIndexAssociation" vid_source="898FA46A-2CE8-A007-D9A5-1523999452E6" vid_target="2EB274E8-4AF8-092B-1ACA-E56E06EBD808">
<hideElementsInCurrentOnly>false</hideElementsInCurrentOnly>
<backgroundColor>-16777216</backgroundColor>
<lineWidth>1</lineWidth>
<points>
<point x="685" y="758"/>
<point x="685" y="842"/>
</points>
</Connector>
<Connector class="oracle.dbtools.crest.swingui.relational.TVFKRelation" oid="3FD10619-8744-1EC6-B81C-5FEA81810F1A" otype="FKIndexAssociation" vid_source="7A01984A-9690-A0DB-6BEE-24A5D3B47D2A" vid_target="74D9932F-2E66-E7F0-1A48-42B9FFD3EB24">
<hideElementsInCurrentOnly>false</hideElementsInCurrentOnly>
<backgroundColor>-16777216</backgroundColor>
<lineWidth>1</lineWidth>
<points>
<point x="1938" y="454"/>
<point x="1857" y="454"/>
</points>
</Connector>
<Connector class="oracle.dbtools.crest.swingui.relational.TVFKRelation" oid="4B15880E-B49F-FB29-C3EE-2727CCD01A35" otype="FKIndexAssociation" vid_source="DE8E57F0-25AF-417C-5F47-188AA34F72A9" vid_target="898FA46A-2CE8-A007-D9A5-1523999452E6">
<hideElementsInCurrentOnly>false</hideElementsInCurrentOnly>
<backgroundColor>-16777216</backgroundColor>
<lineWidth>1</lineWidth>
<points>
<point x="427" y="669"/>
<point x="569" y="669"/>
</points>
</Connector>
<Connector class="oracle.dbtools.crest.swingui.relational.TVFKRelation" oid="4BD0BA9A-D5F2-5399-3339-06BDBC128029" otype="FKIndexAssociation" vid_source="658E0424-127D-61D7-41CB-5182D229A22E" vid_target="5F5EDE99-9E43-FF19-9909-8F5A36D9BB6F">
<hideElementsInCurrentOnly>false</hideElementsInCurrentOnly>
<backgroundColor>-16777216</backgroundColor>
<lineWidth>1</lineWidth>
<points>
<point x="1969" y="1008"/>
<point x="1897" y="1008"/>
</points>
</Connector>
<Connector class="oracle.dbtools.crest.swingui.relational.TVFKRelation" oid="4E50A24E-F4C6-D3EE-55DC-CD2C99B83847" otype="FKIndexAssociation" vid_source="898FA46A-2CE8-A007-D9A5-1523999452E6" vid_target="6E7467E5-1694-48B7-795E-C7C406AD81E7">
<hideElementsInCurrentOnly>false</hideElementsInCurrentOnly>
<backgroundColor>-16777216</backgroundColor>
<lineWidth>1</lineWidth>
<points>
<point x="569" y="491"/>
<point x="479" y="491"/>
</points>
</Connector>
<Connector class="oracle.dbtools.crest.swingui.relational.TVFKRelation" oid="785897F9-8A4A-60E2-0525-2EAB80DFFF86" otype="FKIndexAssociation" vid_source="11E2B566-0CF4-BE73-3F44-771708C561AD" vid_target="C9585E75-3B31-E7C9-BEA9-A4BFE59F1BD4">
<hideElementsInCurrentOnly>false</hideElementsInCurrentOnly>
<backgroundColor>-16777216</backgroundColor>
<lineWidth>1</lineWidth>
<points>
<point x="1470" y="640"/>
<point x="1470" y="401"/>
</points>
</Connector>
<Connector class="oracle.dbtools.crest.swingui.relational.TVFKRelation" oid="79480E83-0DE5-5463-A2F6-F7768B508F0C" otype="FKIndexAssociation" vid_source="74D9932F-2E66-E7F0-1A48-42B9FFD3EB24" vid_target="7A6B2769-2272-3982-7E48-529AE0A28F41">
<hideElementsInCurrentOnly>false</hideElementsInCurrentOnly>
<backgroundColor>-16777216</backgroundColor>
<lineWidth>1</lineWidth>
<points>
<point x="1623" y="431"/>
<point x="1348" y="431"/>
</points>
</Connector>
<Connector class="oracle.dbtools.crest.swingui.relational.TVFKRelation" oid="7D7B66F5-F963-2B1E-FBB7-712D4E775A57" otype="FKIndexAssociation" vid_source="11E2B566-0CF4-BE73-3F44-771708C561AD" vid_target="2EB274E8-4AF8-092B-1ACA-E56E06EBD808">
<hideElementsInCurrentOnly>false</hideElementsInCurrentOnly>
<backgroundColor>-16777216</backgroundColor>
<lineWidth>1</lineWidth>
<points>
<point x="1270" y="858"/>
<point x="844" y="858"/>
</points>
</Connector>
<Connector class="oracle.dbtools.crest.swingui.relational.TVFKRelation" oid="814A4B79-ABB4-BB8E-731D-B7CC43FBE2CA" otype="FKIndexAssociation" vid_source="AF7B9199-A777-EE1D-5A35-C91D594CC062" vid_target="5F5EDE99-9E43-FF19-9909-8F5A36D9BB6F">
<hideElementsInCurrentOnly>false</hideElementsInCurrentOnly>
<backgroundColor>-16777216</backgroundColor>
<lineWidth>1</lineWidth>
<points>
<point x="1300" y="1177"/>
<point x="1650" y="1013"/>
</points>
</Connector>
<Connector class="oracle.dbtools.crest.swingui.relational.TVFKRelation" oid="8306AFE0-7029-CC5A-98A4-9A76456C59FD" otype="FKIndexAssociation" vid_source="A52AD183-DC13-7ACB-4D3C-09501270E85D" vid_target="11E2B566-0CF4-BE73-3F44-771708C561AD">
<hideElementsInCurrentOnly>false</hideElementsInCurrentOnly>
<backgroundColor>-16777216</backgroundColor>
<lineWidth>1</lineWidth>
<points>
<point x="1967" y="814"/>
<point x="1498" y="814"/>
</points>
</Connector>
<Connector class="oracle.dbtools.crest.swingui.relational.TVFKRelation" oid="896CA188-DD64-9461-E6E3-DFBD4AF7F013" otype="FKIndexAssociation" vid_source="AF7B9199-A777-EE1D-5A35-C91D594CC062" vid_target="898FA46A-2CE8-A007-D9A5-1523999452E6">
<hideElementsInCurrentOnly>false</hideElementsInCurrentOnly>
<backgroundColor>-16777216</backgroundColor>
<lineWidth>1</lineWidth>
<points>
<point x="1089" y="1117"/>
<point x="802" y="743"/>
</points>
</Connector>
<Connector class="oracle.dbtools.crest.swingui.relational.TVFKRelation" oid="917AA8A1-538D-802C-83F7-9DAE9EB2D8E5" otype="FKIndexAssociation" vid_source="11E2B566-0CF4-BE73-3F44-771708C561AD" vid_target="5F5EDE99-9E43-FF19-9909-8F5A36D9BB6F">
<hideElementsInCurrentOnly>false</hideElementsInCurrentOnly>
<backgroundColor>-16777216</backgroundColor>
<lineWidth>1</lineWidth>
<points>
<point x="1498" y="859"/>
<point x="1650" y="859"/>
</points>
</Connector>
<Connector class="oracle.dbtools.crest.swingui.relational.TVFKRelation" oid="9234DC42-B762-4D98-77B9-698D1997FEDE" otype="FKIndexAssociation" vid_source="11E2B566-0CF4-BE73-3F44-771708C561AD" vid_target="74D9932F-2E66-E7F0-1A48-42B9FFD3EB24">
<hideElementsInCurrentOnly>false</hideElementsInCurrentOnly>
<backgroundColor>-16777216</backgroundColor>
<lineWidth>1</lineWidth>
<points>
<point x="1498" y="648"/>
<point x="1623" y="648"/>
</points>
</Connector>
<Connector class="oracle.dbtools.crest.swingui.relational.TVFKRelation" oid="964775F8-DCA4-05E7-9156-05B66B133710" otype="FKIndexAssociation" vid_source="C9585E75-3B31-E7C9-BEA9-A4BFE59F1BD4" vid_target="7A6B2769-2272-3982-7E48-529AE0A28F41">
<hideElementsInCurrentOnly>false</hideElementsInCurrentOnly>
<backgroundColor>-16777216</backgroundColor>
<lineWidth>1</lineWidth>
<points>
<point x="1443" y="291"/>
<point x="1348" y="291"/>
</points>
</Connector>
<Connector class="oracle.dbtools.crest.swingui.relational.TVFKRelation" oid="A170EB9C-E5F4-EA32-DADB-468F0CFC29C1" otype="FKIndexAssociation" vid_source="C9585E75-3B31-E7C9-BEA9-A4BFE59F1BD4" vid_target="0082E1D2-6D63-7533-EA60-478DE9EEAEE6">
<hideElementsInCurrentOnly>false</hideElementsInCurrentOnly>
<backgroundColor>-16777216</backgroundColor>
<lineWidth>1</lineWidth>
<points>
<point x="1669" y="225"/>
<point x="1775" y="225"/>
</points>
</Connector>
<Connector class="oracle.dbtools.crest.swingui.relational.TVFKRelation" oid="AA5C96C5-CA96-0E17-FA2A-2779D286CC68" otype="FKIndexAssociation" vid_source="AF7B9199-A777-EE1D-5A35-C91D594CC062" vid_target="1289BBA6-43D7-A6BF-DF21-E8428D8696E1">
<hideElementsInCurrentOnly>false</hideElementsInCurrentOnly>
<backgroundColor>-16777216</backgroundColor>
<lineWidth>1</lineWidth>
<points>
<point x="1300" y="1239"/>
<point x="1539" y="1239"/>
</points>
</Connector>
<Connector class="oracle.dbtools.crest.swingui.relational.TVFKRelation" oid="B01DB277-118A-0E2D-B3DA-2FC2BA4184F1" otype="FKIndexAssociation" vid_source="AF7B9199-A777-EE1D-5A35-C91D594CC062" vid_target="2EB274E8-4AF8-092B-1ACA-E56E06EBD808">
<hideElementsInCurrentOnly>false</hideElementsInCurrentOnly>
<backgroundColor>-16777216</backgroundColor>
<lineWidth>1</lineWidth>
<points>
<point x="1059" y="1131"/>
<point x="844" y="1131"/>
</points>
</Connector>
<Connector class="oracle.dbtools.crest.swingui.relational.TVFKRelation" oid="B6176004-4550-9C5B-37E0-79B75DE430B2" otype="FKIndexAssociation" vid_source="AF7B9199-A777-EE1D-5A35-C91D594CC062" vid_target="7A6B2769-2272-3982-7E48-529AE0A28F41">
<hideElementsInCurrentOnly>false</hideElementsInCurrentOnly>
<backgroundColor>-16777216</backgroundColor>
<lineWidth>1</lineWidth>
<points>
<point x="1179" y="1117"/>
<point x="1179" y="441"/>
</points>
</Connector>
<Connector class="oracle.dbtools.crest.swingui.relational.TVFKRelation" oid="BA70EA98-C635-CC49-63FD-9284CE22A510" otype="FKIndexAssociation" vid_source="11E2B566-0CF4-BE73-3F44-771708C561AD" vid_target="AF7B9199-A777-EE1D-5A35-C91D594CC062">
<hideElementsInCurrentOnly>false</hideElementsInCurrentOnly>
<backgroundColor>-16777216</backgroundColor>
<lineWidth>1</lineWidth>
<points>
<point x="1285" y="874"/>
<point x="1285" y="1117"/>
</points>
</Connector>
<Connector class="oracle.dbtools.crest.swingui.relational.TVFKRelation" oid="CB5765F4-660E-E052-D3F3-CB5015012DA4" otype="FKIndexAssociation" vid_source="11E2B566-0CF4-BE73-3F44-771708C561AD" vid_target="2EE0E1C2-F509-5706-DC19-E765427C173C">
<hideElementsInCurrentOnly>false</hideElementsInCurrentOnly>
<backgroundColor>-16777216</backgroundColor>
<lineWidth>1</lineWidth>
<points>
<point x="1498" y="683"/>
<point x="1918" y="683"/>
</points>
</Connector>
<Connector class="oracle.dbtools.crest.swingui.relational.TVFKRelation" oid="D4B1FA74-7569-E1C7-E07B-A6814B89909D" otype="FKIndexAssociation" vid_source="898FA46A-2CE8-A007-D9A5-1523999452E6" vid_target="CB17F3CA-57FD-0F43-4B65-080D6E55D2B5">
<hideElementsInCurrentOnly>false</hideElementsInCurrentOnly>
<backgroundColor>-16777216</backgroundColor>
<lineWidth>1</lineWidth>
<points>
<point x="802" y="561"/>
<point x="946" y="561"/>
</points>
</Connector>
<Connector class="oracle.dbtools.crest.swingui.relational.TVFKRelation" oid="F127B62C-2B34-64CA-FE88-567331F3C399" otype="FKIndexAssociation" vid_source="898FA46A-2CE8-A007-D9A5-1523999452E6" vid_target="7A6B2769-2272-3982-7E48-529AE0A28F41">
<hideElementsInCurrentOnly>false</hideElementsInCurrentOnly>
<backgroundColor>-16777216</backgroundColor>
<lineWidth>1</lineWidth>
<points>
<point x="802" y="433"/>
<point x="1006" y="433"/>
</points>
</Connector>
<Connector class="oracle.dbtools.crest.swingui.relational.TVFKRelation" oid="F4D69593-841E-FDED-4826-8DB40555A78E" otype="FKIndexAssociation" vid_source="AF7B9199-A777-EE1D-5A35-C91D594CC062" vid_target="2EB274E8-4AF8-092B-1ACA-E56E06EBD808">
<hideElementsInCurrentOnly>false</hideElementsInCurrentOnly>
<backgroundColor>-16777216</backgroundColor>
<lineWidth>1</lineWidth>
<points>
<point x="1059" y="1131"/>
<point x="844" y="1131"/>
</points>
</Connector>
<Connector class="oracle.dbtools.crest.swingui.relational.TVFKRelation" oid="F5881DF0-9ADF-AB74-7CD6-6A8BC103E180" otype="FKIndexAssociation" vid_source="78EA181F-FBE0-9639-3962-11C9B2593886" vid_target="7A6B2769-2272-3982-7E48-529AE0A28F41">
<hideElementsInCurrentOnly>false</hideElementsInCurrentOnly>
<backgroundColor>-16777216</backgroundColor>
<lineWidth>1</lineWidth>
<points>
<point x="887" y="163"/>
<point x="1006" y="163"/>
</points>
</Connector>
</connectors>
</Diagram>