<?xml version = '1.0' encoding = 'UTF-8'?>
<Relation class="oracle.dbtools.crest.model.design.logical.Relation" name="fk_id_cliente_tarjeta" directorySegmentName="seg_0" id="02085895-439C-8020-AFB1-2D336F8F1D02">
<createdBy>angel</createdBy>
<createdTime>2025-05-01 17:18:29 UTC</createdTime>
<generatorID>34C38E35-9578-E28B-4180-8CF356C6DA62</generatorID>
<ownerDesignName>SBD1_Proyecto2_DataModeler</ownerDesignName>
<engineerTo>
<item key="9BD6B8B6-3CE3-B48E-BB60-52C30DC395C5" value="true"/>
</engineerTo>
<sourcePk>1AFC9E3E-C30D-A72A-927D-73D82205B266</sourcePk>
<identifying>false</identifying>
<optionalSource>true</optionalSource>
<optionalTarget>false</optionalTarget>
<sourceCardinality>1</sourceCardinality>
<sourceEntity>DE20DC95-D7D2-F145-3936-23780EA3F83F</sourceEntity>
<targetCardinalityString>*</targetCardinalityString>
<targetEntity>BB8FA278-A28A-B11F-E15A-657D8809774C</targetEntity>
<transferable>true</transferable>
<deleteRule>NO ACTION</deleteRule>
</Relation>
