<?xml version = '1.0' encoding = 'UTF-8'?>
<Relation class="oracle.dbtools.crest.model.design.logical.Relation" name="fk_id_tarjeta_premio" directorySegmentName="seg_0" id="1F170955-362A-0BD3-B206-E4D0273B3BF6">
<createdBy>angel</createdBy>
<createdTime>2025-05-01 17:18:29 UTC</createdTime>
<generatorID>D4B1FA74-7569-E1C7-E07B-A6814B89909D</generatorID>
<ownerDesignName>SBD1_Proyecto2_DataModeler</ownerDesignName>
<engineerTo>
<item key="9BD6B8B6-3CE3-B48E-BB60-52C30DC395C5" value="true"/>
</engineerTo>
<sourcePk>11C82272-B490-6D81-A1D0-B3740DBC36B6</sourcePk>
<identifying>false</identifying>
<optionalSource>true</optionalSource>
<optionalTarget>false</optionalTarget>
<sourceCardinality>1</sourceCardinality>
<sourceEntity>BB8FA278-A28A-B11F-E15A-657D8809774C</sourceEntity>
<targetCardinalityString>*</targetCardinalityString>
<targetEntity>E5471436-9800-A00F-A462-1296791D8A94</targetEntity>
<transferable>true</transferable>
<deleteRule>NO ACTION</deleteRule>
</Relation>
