<?xml version = '1.0' encoding = 'UTF-8'?>
<Relation class="oracle.dbtools.crest.model.design.logical.Relation" name="fk_id_cuenta_tarjeta" directorySegmentName="seg_0" id="27ADEDD4-9569-89F4-A4E8-4EF4F3B073B9">
<createdBy>angel</createdBy>
<createdTime>2025-05-01 17:18:29 UTC</createdTime>
<generatorID>896CA188-DD64-9461-E6E3-DFBD4AF7F013</generatorID>
<ownerDesignName>SBD1_Proyecto2_DataModeler</ownerDesignName>
<engineerTo>
<item key="9BD6B8B6-3CE3-B48E-BB60-52C30DC395C5" value="true"/>
</engineerTo>
<sourcePk>08A58BFF-922F-BC46-5E07-5578E3ADF006</sourcePk>
<identifying>false</identifying>
<optionalSource>true</optionalSource>
<optionalTarget>true</optionalTarget>
<sourceCardinality>1</sourceCardinality>
<sourceEntity>380B26FB-C4C9-CF4D-2AF2-C18DC34C1C0B</sourceEntity>
<targetCardinalityString>*</targetCardinalityString>
<targetEntity>BB8FA278-A28A-B11F-E15A-657D8809774C</targetEntity>
<transferable>true</transferable>
<deleteRule>NO ACTION</deleteRule>
</Relation>
