<?xml version = '1.0' encoding = 'UTF-8'?>
<Relation class="oracle.dbtools.crest.model.design.logical.Relation" name="fk_id_prestamo_pago" directorySegmentName="seg_0" id="3799DB4B-D042-B3F4-DD31-FE0D1BA49E8B">
<createdBy>angel</createdBy>
<createdTime>2025-05-01 17:18:29 UTC</createdTime>
<generatorID>964775F8-DCA4-05E7-9156-05B66B133710</generatorID>
<ownerDesignName>SBD1_Proyecto2_DataModeler</ownerDesignName>
<engineerTo>
<item key="9BD6B8B6-3CE3-B48E-BB60-52C30DC395C5" value="true"/>
</engineerTo>
<sourcePk>1D8DB3A1-75B8-D12A-518D-1A1DF4FA140D</sourcePk>
<identifying>false</identifying>
<optionalSource>true</optionalSource>
<optionalTarget>true</optionalTarget>
<sourceCardinality>1</sourceCardinality>
<sourceEntity>DBB841DE-7CDA-AECD-4F3E-EBEEFDD186A3</sourceEntity>
<targetCardinalityString>*</targetCardinalityString>
<targetEntity>1266AE7E-A433-F55E-591F-A0D41DA12669</targetEntity>
<transferable>true</transferable>
<deleteRule>NO ACTION</deleteRule>
</Relation>
