<?xml version = '1.0' encoding = 'UTF-8'?>
<Relation class="oracle.dbtools.crest.model.design.logical.Relation" name="fk_id_seguro_pago" directorySegmentName="seg_0" id="60F3A59D-84C3-FFCF-21B9-85B985A89C7D">
<createdBy>angel</createdBy>
<createdTime>2025-05-01 17:18:29 UTC</createdTime>
<generatorID>79480E83-0DE5-5463-A2F6-F7768B508F0C</generatorID>
<ownerDesignName>SBD1_Proyecto2_DataModeler</ownerDesignName>
<engineerTo>
<item key="9BD6B8B6-3CE3-B48E-BB60-52C30DC395C5" value="true"/>
</engineerTo>
<sourcePk>D771D489-C40B-E22E-694C-EEFEFD4EA5B2</sourcePk>
<identifying>false</identifying>
<optionalSource>true</optionalSource>
<optionalTarget>true</optionalTarget>
<sourceCardinality>1</sourceCardinality>
<sourceEntity>6AED691E-C6F7-BA8C-9561-BB3A89CC09F3</sourceEntity>
<targetCardinalityString>*</targetCardinalityString>
<targetEntity>1266AE7E-A433-F55E-591F-A0D41DA12669</targetEntity>
<transferable>true</transferable>
<deleteRule>NO ACTION</deleteRule>
</Relation>
