<?xml version = '1.0' encoding = 'UTF-8'?>
<Relation class="oracle.dbtools.crest.model.design.logical.Relation" name="fk_tipo_cuenta" directorySegmentName="seg_0" id="68DCE592-7C23-0C72-F20B-45DB173A3928">
<createdBy>angel</createdBy>
<createdTime>2025-05-01 17:18:29 UTC</createdTime>
<generatorID>175FE216-EC7B-DCD2-BC1B-32958D6B06F5</generatorID>
<ownerDesignName>SBD1_Proyecto2_DataModeler</ownerDesignName>
<engineerTo>
<item key="9BD6B8B6-3CE3-B48E-BB60-52C30DC395C5" value="true"/>
</engineerTo>
<sourcePk>786F5D9B-A39D-B990-53A0-BF14CA1E2404</sourcePk>
<identifying>false</identifying>
<optionalSource>true</optionalSource>
<optionalTarget>false</optionalTarget>
<sourceCardinality>1</sourceCardinality>
<sourceEntity>D12D9261-66B6-E1EB-0456-7F5F4AC44C8A</sourceEntity>
<targetCardinalityString>*</targetCardinalityString>
<targetEntity>380B26FB-C4C9-CF4D-2AF2-C18DC34C1C0B</targetEntity>
<transferable>true</transferable>
<deleteRule>NO ACTION</deleteRule>
</Relation>
