<?xml version = '1.0' encoding = 'UTF-8'?>
<Relation class="oracle.dbtools.crest.model.design.logical.Relation" name="fk_id_cliente_pago" directorySegmentName="seg_0" id="697416BE-EC16-DC86-33CD-F678308AC34E">
<createdBy>angel</createdBy>
<createdTime>2025-05-01 17:18:29 UTC</createdTime>
<generatorID>37955BB8-290D-87C4-87DC-FF7EA014C7C5</generatorID>
<ownerDesignName>SBD1_Proyecto2_DataModeler</ownerDesignName>
<engineerTo>
<item key="9BD6B8B6-3CE3-B48E-BB60-52C30DC395C5" value="true"/>
</engineerTo>
<sourcePk>1AFC9E3E-C30D-A72A-927D-73D82205B266</sourcePk>
<identifying>false</identifying>
<optionalSource>true</optionalSource>
<optionalTarget>true</optionalTarget>
<sourceCardinality>1</sourceCardinality>
<sourceEntity>DE20DC95-D7D2-F145-3936-23780EA3F83F</sourceEntity>
<targetCardinalityString>*</targetCardinalityString>
<targetEntity>1266AE7E-A433-F55E-591F-A0D41DA12669</targetEntity>
<transferable>true</transferable>
<deleteRule>NO ACTION</deleteRule>
</Relation>
