<?xml version = '1.0' encoding = 'UTF-8'?>
<Relation class="oracle.dbtools.crest.model.design.logical.Relation" name="fk_id_cliente" directorySegmentName="seg_0" id="6A6D0769-FF8A-0808-98CC-B14273FFC3FD">
<createdBy>angel</createdBy>
<createdTime>2025-05-01 17:18:29 UTC</createdTime>
<generatorID>BA70EA98-C635-CC49-63FD-9284CE22A510</generatorID>
<ownerDesignName>SBD1_Proyecto2_DataModeler</ownerDesignName>
<engineerTo>
<item key="9BD6B8B6-3CE3-B48E-BB60-52C30DC395C5" value="true"/>
</engineerTo>
<sourcePk>1AFC9E3E-C30D-A72A-927D-73D82205B266</sourcePk>
<identifying>false</identifying>
<optionalSource>true</optionalSource>
<optionalTarget>false</optionalTarget>
<sourceCardinality>1</sourceCardinality>
<sourceEntity>DE20DC95-D7D2-F145-3936-23780EA3F83F</sourceEntity>
<targetCardinalityString>*</targetCardinalityString>
<targetEntity>380B26FB-C4C9-CF4D-2AF2-C18DC34C1C0B</targetEntity>
<transferable>true</transferable>
<deleteRule>NO ACTION</deleteRule>
</Relation>
