<?xml version = '1.0' encoding = 'UTF-8'?>
<Relation class="oracle.dbtools.crest.model.design.logical.Relation" name="fk_id_tipo_tarjeta_tarjeta" directorySegmentName="seg_0" id="6D574C0C-7FD5-E201-6332-16DD4E4E8160">
<createdBy>angel</createdBy>
<createdTime>2025-05-01 17:18:29 UTC</createdTime>
<generatorID>4B15880E-B49F-FB29-C3EE-2727CCD01A35</generatorID>
<ownerDesignName>SBD1_Proyecto2_DataModeler</ownerDesignName>
<engineerTo>
<item key="9BD6B8B6-3CE3-B48E-BB60-52C30DC395C5" value="true"/>
</engineerTo>
<sourcePk>9D9E2BC7-486C-91E9-DA99-C0FAF1555118</sourcePk>
<identifying>false</identifying>
<optionalSource>true</optionalSource>
<optionalTarget>false</optionalTarget>
<sourceCardinality>1</sourceCardinality>
<sourceEntity>DE79C223-FE9E-1E84-D1CA-7E605E789B3B</sourceEntity>
<targetCardinalityString>*</targetCardinalityString>
<targetEntity>BB8FA278-A28A-B11F-E15A-657D8809774C</targetEntity>
<transferable>true</transferable>
<deleteRule>NO ACTION</deleteRule>
</Relation>
