<?xml version = '1.0' encoding = 'UTF-8'?>
<Relation class="oracle.dbtools.crest.model.design.logical.Relation" name="fk_id_cuenta_remesa" directorySegmentName="seg_0" id="8002F3FD-EDE9-4636-7E15-538463C496D3">
<createdBy>angel</createdBy>
<createdTime>2025-05-01 17:18:29 UTC</createdTime>
<generatorID>814A4B79-ABB4-BB8E-731D-B7CC43FBE2CA</generatorID>
<ownerDesignName>SBD1_Proyecto2_DataModeler</ownerDesignName>
<engineerTo>
<item key="9BD6B8B6-3CE3-B48E-BB60-52C30DC395C5" value="true"/>
</engineerTo>
<sourcePk>08A58BFF-922F-BC46-5E07-5578E3ADF006</sourcePk>
<identifying>false</identifying>
<optionalSource>true</optionalSource>
<optionalTarget>false</optionalTarget>
<sourceCardinality>1</sourceCardinality>
<sourceEntity>380B26FB-C4C9-CF4D-2AF2-C18DC34C1C0B</sourceEntity>
<targetCardinalityString>*</targetCardinalityString>
<targetEntity>8496A075-F6DB-A1FA-6017-0F0A6E685766</targetEntity>
<transferable>true</transferable>
<deleteRule>NO ACTION</deleteRule>
</Relation>
