<?xml version = '1.0' encoding = 'UTF-8'?>
<Relation class="oracle.dbtools.crest.model.design.logical.Relation" name="fk_id_cuenta_transaccion" directorySegmentName="seg_0" id="8599687C-F2D8-A0AB-E0F2-527257877DB4">
<createdBy>angel</createdBy>
<createdTime>2025-05-01 17:18:29 UTC</createdTime>
<generatorID>35E38CC4-9722-2951-0226-9B6A67EFFBEC</generatorID>
<ownerDesignName>SBD1_Proyecto2_DataModeler</ownerDesignName>
<engineerTo>
<item key="9BD6B8B6-3CE3-B48E-BB60-52C30DC395C5" value="true"/>
</engineerTo>
<sourcePk>08A58BFF-922F-BC46-5E07-5578E3ADF006</sourcePk>
<identifying>false</identifying>
<optionalSource>true</optionalSource>
<optionalTarget>true</optionalTarget>
<sourceCardinality>1</sourceCardinality>
<sourceEntity>380B26FB-C4C9-CF4D-2AF2-C18DC34C1C0B</sourceEntity>
<targetCardinalityString>*</targetCardinalityString>
<targetEntity>2B4FB46E-3FD7-BDCB-0C01-A1F64A2EBD8F</targetEntity>
<transferable>true</transferable>
<deleteRule>NO ACTION</deleteRule>
</Relation>
