<?xml version = '1.0' encoding = 'UTF-8'?>
<Relation class="oracle.dbtools.crest.model.design.logical.Relation" name="fk_id_tipo_seguro_seguro" directorySegmentName="seg_0" id="85BD9480-2E96-EEF4-EB75-8EBBD94F4692">
<createdBy>angel</createdBy>
<createdTime>2025-05-01 17:18:29 UTC</createdTime>
<generatorID>3FD10619-8744-1EC6-B81C-5FEA81810F1A</generatorID>
<ownerDesignName>SBD1_Proyecto2_DataModeler</ownerDesignName>
<engineerTo>
<item key="9BD6B8B6-3CE3-B48E-BB60-52C30DC395C5" value="true"/>
</engineerTo>
<sourcePk>C1B3BC5F-AF8C-F8A5-0294-DA5BAB688D62</sourcePk>
<identifying>false</identifying>
<optionalSource>true</optionalSource>
<optionalTarget>false</optionalTarget>
<sourceCardinality>1</sourceCardinality>
<sourceEntity>307C8A7D-6DB5-EB3C-EEF2-ABF0BDCF1CB1</sourceEntity>
<targetCardinalityString>*</targetCardinalityString>
<targetEntity>6AED691E-C6F7-BA8C-9561-BB3A89CC09F3</targetEntity>
<transferable>true</transferable>
<deleteRule>NO ACTION</deleteRule>
</Relation>
