<?xml version = '1.0' encoding = 'UTF-8'?>
<Relation class="oracle.dbtools.crest.model.design.logical.Relation" name="fk_id_tipo_transaccion_transaccion" directorySegmentName="seg_0" id="8A53D010-02C9-DDFE-5222-2F36F57D6756">
<createdBy>angel</createdBy>
<createdTime>2025-05-01 17:18:29 UTC</createdTime>
<generatorID>29DDC05A-FD67-5DBF-7501-40EF08C511EA</generatorID>
<ownerDesignName>SBD1_Proyecto2_DataModeler</ownerDesignName>
<engineerTo>
<item key="9BD6B8B6-3CE3-B48E-BB60-52C30DC395C5" value="true"/>
</engineerTo>
<sourcePk>9F933899-FAB0-C66E-886B-EF17D3E77F26</sourcePk>
<identifying>false</identifying>
<optionalSource>true</optionalSource>
<optionalTarget>false</optionalTarget>
<sourceCardinality>1</sourceCardinality>
<sourceEntity>C94FC57C-19F1-2531-EA33-FFCC1BC6F5C1</sourceEntity>
<targetCardinalityString>*</targetCardinalityString>
<targetEntity>2B4FB46E-3FD7-BDCB-0C01-A1F64A2EBD8F</targetEntity>
<transferable>true</transferable>
<deleteRule>NO ACTION</deleteRule>
</Relation>
