<?xml version = '1.0' encoding = 'UTF-8'?>
<Relation class="oracle.dbtools.crest.model.design.logical.Relation" name="fk_movimiento_tarjeta" directorySegmentName="seg_0" id="8D326816-2707-136A-8CD2-30BC16D93DEE">
<createdBy>angel</createdBy>
<createdTime>2025-05-01 17:18:29 UTC</createdTime>
<generatorID>4E50A24E-F4C6-D3EE-55DC-CD2C99B83847</generatorID>
<ownerDesignName>SBD1_Proyecto2_DataModeler</ownerDesignName>
<engineerTo>
<item key="9BD6B8B6-3CE3-B48E-BB60-52C30DC395C5" value="true"/>
</engineerTo>
<sourcePk>11C82272-B490-6D81-A1D0-B3740DBC36B6</sourcePk>
<identifying>false</identifying>
<optionalSource>true</optionalSource>
<optionalTarget>false</optionalTarget>
<sourceCardinality>1</sourceCardinality>
<sourceEntity>BB8FA278-A28A-B11F-E15A-657D8809774C</sourceEntity>
<targetCardinalityString>*</targetCardinalityString>
<targetEntity>329A80E1-D444-D336-AA30-52718A113931</targetEntity>
<transferable>true</transferable>
<deleteRule>NO ACTION</deleteRule>
</Relation>
