<?xml version = '1.0' encoding = 'UTF-8'?>
<Relation class="oracle.dbtools.crest.model.design.logical.Relation" name="fk_id_cliente_notificacion" directorySegmentName="seg_0" id="A3BAA44C-60DD-E2BD-E005-72A950C5547E">
<createdBy>angel</createdBy>
<createdTime>2025-05-01 17:18:29 UTC</createdTime>
<generatorID>CB5765F4-660E-E052-D3F3-CB5015012DA4</generatorID>
<ownerDesignName>SBD1_Proyecto2_DataModeler</ownerDesignName>
<engineerTo>
<item key="9BD6B8B6-3CE3-B48E-BB60-52C30DC395C5" value="true"/>
</engineerTo>
<sourcePk>1AFC9E3E-C30D-A72A-927D-73D82205B266</sourcePk>
<identifying>false</identifying>
<optionalSource>true</optionalSource>
<optionalTarget>false</optionalTarget>
<sourceCardinality>1</sourceCardinality>
<sourceEntity>DE20DC95-D7D2-F145-3936-23780EA3F83F</sourceEntity>
<targetCardinalityString>*</targetCardinalityString>
<targetEntity>E21B1E28-D74C-A222-9926-B2D976BC6ABF</targetEntity>
<transferable>true</transferable>
<deleteRule>NO ACTION</deleteRule>
</Relation>
