<?xml version = '1.0' encoding = 'UTF-8'?>
<Relation class="oracle.dbtools.crest.model.design.logical.Relation" name="fk_id_pago_tarjeta_pago" directorySegmentName="seg_0" id="A64942D4-AA5F-796E-1388-B6BE9EBB0A61">
<createdBy>angel</createdBy>
<createdTime>2025-05-01 17:18:29 UTC</createdTime>
<generatorID>04234AF5-1128-F499-EE71-E19D3378D002</generatorID>
<ownerDesignName>SBD1_Proyecto2_DataModeler</ownerDesignName>
<engineerTo>
<item key="9BD6B8B6-3CE3-B48E-BB60-52C30DC395C5" value="true"/>
</engineerTo>
<sourcePk>11C82272-B490-6D81-A1D0-B3740DBC36B6</sourcePk>
<identifying>false</identifying>
<optionalSource>true</optionalSource>
<optionalTarget>true</optionalTarget>
<sourceCardinality>1</sourceCardinality>
<sourceEntity>BB8FA278-A28A-B11F-E15A-657D8809774C</sourceEntity>
<targetCardinalityString>*</targetCardinalityString>
<targetEntity>1266AE7E-A433-F55E-591F-A0D41DA12669</targetEntity>
<transferable>true</transferable>
<deleteRule>NO ACTION</deleteRule>
</Relation>
