<?xml version = '1.0' encoding = 'UTF-8'?>
<Relation class="oracle.dbtools.crest.model.design.logical.Relation" name="fk_interes_cuenta" directorySegmentName="seg_0" id="B57BF9BE-52AB-E4D0-AB98-AE0A78935433">
<createdBy>angel</createdBy>
<createdTime>2025-05-01 17:18:29 UTC</createdTime>
<generatorID>AA5C96C5-CA96-0E17-FA2A-2779D286CC68</generatorID>
<ownerDesignName>SBD1_Proyecto2_DataModeler</ownerDesignName>
<engineerTo>
<item key="9BD6B8B6-3CE3-B48E-BB60-52C30DC395C5" value="true"/>
</engineerTo>
<sourcePk>08A58BFF-922F-BC46-5E07-5578E3ADF006</sourcePk>
<identifying>false</identifying>
<optionalSource>true</optionalSource>
<optionalTarget>false</optionalTarget>
<sourceCardinality>1</sourceCardinality>
<sourceEntity>380B26FB-C4C9-CF4D-2AF2-C18DC34C1C0B</sourceEntity>
<targetCardinalityString>*</targetCardinalityString>
<targetEntity>F3F55B6B-01DC-DDEE-086B-125781ABD7C0</targetEntity>
<transferable>true</transferable>
<deleteRule>NO ACTION</deleteRule>
</Relation>
