<?xml version = '1.0' encoding = 'UTF-8'?>
<Relation class="oracle.dbtools.crest.model.design.logical.Relation" name="fk_tipo_cliente" directorySegmentName="seg_0" id="C3386E04-3167-41B6-5AFE-BC99FE374842">
<createdBy>angel</createdBy>
<createdTime>2025-05-01 17:18:29 UTC</createdTime>
<generatorID>8306AFE0-7029-CC5A-98A4-9A76456C59FD</generatorID>
<ownerDesignName>SBD1_Proyecto2_DataModeler</ownerDesignName>
<engineerTo>
<item key="9BD6B8B6-3CE3-B48E-BB60-52C30DC395C5" value="true"/>
</engineerTo>
<sourcePk>EE4CBFCF-E94E-1761-E57E-A8C6F4041D81</sourcePk>
<identifying>false</identifying>
<optionalSource>true</optionalSource>
<optionalTarget>false</optionalTarget>
<sourceCardinality>1</sourceCardinality>
<sourceEntity>853B3DF9-8137-B2C1-C8E2-5B6E0CEF3155</sourceEntity>
<targetCardinalityString>*</targetCardinalityString>
<targetEntity>DE20DC95-D7D2-F145-3936-23780EA3F83F</targetEntity>
<transferable>true</transferable>
<deleteRule>NO ACTION</deleteRule>
</Relation>
