<?xml version = '1.0' encoding = 'UTF-8'?>
<Relation class="oracle.dbtools.crest.model.design.logical.Relation" name="fk_id_cliente_transaccion" directorySegmentName="seg_0" id="E3DD3088-A7A1-59F8-77AA-AF6523BBB584">
<createdBy>angel</createdBy>
<createdTime>2025-05-01 17:18:29 UTC</createdTime>
<generatorID>7D7B66F5-F963-2B1E-FBB7-712D4E775A57</generatorID>
<ownerDesignName>SBD1_Proyecto2_DataModeler</ownerDesignName>
<engineerTo>
<item key="9BD6B8B6-3CE3-B48E-BB60-52C30DC395C5" value="true"/>
</engineerTo>
<sourcePk>1AFC9E3E-C30D-A72A-927D-73D82205B266</sourcePk>
<identifying>false</identifying>
<optionalSource>true</optionalSource>
<optionalTarget>false</optionalTarget>
<sourceCardinality>1</sourceCardinality>
<sourceEntity>DE20DC95-D7D2-F145-3936-23780EA3F83F</sourceEntity>
<targetCardinalityString>*</targetCardinalityString>
<targetEntity>2B4FB46E-3FD7-BDCB-0C01-A1F64A2EBD8F</targetEntity>
<transferable>true</transferable>
<deleteRule>NO ACTION</deleteRule>
</Relation>
