<?xml version = '1.0' encoding = 'UTF-8'?>
<Relation class="oracle.dbtools.crest.model.design.logical.Relation" name="fk_id_empresa_remesa" directorySegmentName="seg_0" id="EC3249C7-DD54-172D-75EF-DA0D5FA20C2B">
<createdBy>angel</createdBy>
<createdTime>2025-05-01 17:18:29 UTC</createdTime>
<generatorID>4BD0BA9A-D5F2-5399-3339-06BDBC128029</generatorID>
<ownerDesignName>SBD1_Proyecto2_DataModeler</ownerDesignName>
<engineerTo>
<item key="9BD6B8B6-3CE3-B48E-BB60-52C30DC395C5" value="true"/>
</engineerTo>
<sourcePk>EF12AFE4-AEE7-4F3E-AC60-7C6DE2E9189E</sourcePk>
<identifying>false</identifying>
<optionalSource>true</optionalSource>
<optionalTarget>false</optionalTarget>
<sourceCardinality>1</sourceCardinality>
<sourceEntity>193B10A7-8A4A-C4B9-F423-38390ECC8CBE</sourceEntity>
<targetCardinalityString>*</targetCardinalityString>
<targetEntity>8496A075-F6DB-A1FA-6017-0F0A6E685766</targetEntity>
<transferable>true</transferable>
<deleteRule>NO ACTION</deleteRule>
</Relation>
