<?xml version = '1.0' encoding = 'UTF-8'?>
<Relation class="oracle.dbtools.crest.model.design.logical.Relation" name="fk_id_tarjeta_transaccion" directorySegmentName="seg_0" id="EFECFAAA-A2E8-4167-CA6C-AAFCC5F97213">
<createdBy>angel</createdBy>
<createdTime>2025-05-01 17:18:29 UTC</createdTime>
<generatorID>3CE9E024-726F-4B99-81FB-E905F99685C0</generatorID>
<ownerDesignName>SBD1_Proyecto2_DataModeler</ownerDesignName>
<engineerTo>
<item key="9BD6B8B6-3CE3-B48E-BB60-52C30DC395C5" value="true"/>
</engineerTo>
<sourcePk>11C82272-B490-6D81-A1D0-B3740DBC36B6</sourcePk>
<identifying>false</identifying>
<optionalSource>true</optionalSource>
<optionalTarget>true</optionalTarget>
<sourceCardinality>1</sourceCardinality>
<sourceEntity>BB8FA278-A28A-B11F-E15A-657D8809774C</sourceEntity>
<targetCardinalityString>*</targetCardinalityString>
<targetEntity>2B4FB46E-3FD7-BDCB-0C01-A1F64A2EBD8F</targetEntity>
<transferable>true</transferable>
<deleteRule>NO ACTION</deleteRule>
</Relation>
