<?xml version = '1.0' encoding = 'UTF-8'?>
<Relation class="oracle.dbtools.crest.model.design.logical.Relation" name="fk_prestamo_cuota" directorySegmentName="seg_0" id="FE820D93-0CF1-4A76-1C24-F5843C14D15E">
<createdBy>angel</createdBy>
<createdTime>2025-05-01 17:18:29 UTC</createdTime>
<generatorID>A170EB9C-E5F4-EA32-DADB-468F0CFC29C1</generatorID>
<ownerDesignName>SBD1_Proyecto2_DataModeler</ownerDesignName>
<engineerTo>
<item key="9BD6B8B6-3CE3-B48E-BB60-52C30DC395C5" value="true"/>
</engineerTo>
<sourcePk>1D8DB3A1-75B8-D12A-518D-1A1DF4FA140D</sourcePk>
<identifying>false</identifying>
<optionalSource>true</optionalSource>
<optionalTarget>false</optionalTarget>
<sourceCardinality>1</sourceCardinality>
<sourceEntity>DBB841DE-7CDA-AECD-4F3E-EBEEFDD186A3</sourceEntity>
<targetCardinalityString>*</targetCardinalityString>
<targetEntity>6603A3DB-F5FB-4F9F-31A3-2CF656B81D54</targetEntity>
<transferable>true</transferable>
<deleteRule>NO ACTION</deleteRule>
</Relation>
