<?xml version = '1.0' encoding = 'UTF-8'?>
<Table class="oracle.dbtools.crest.model.design.relational.Table" directorySegmentName="seg_0" id="301495B5-8F1A-1427-8F8E-E097512F7722" name="PAGO_PRODUCTO_SERVICIO">
<sourceDDLFile>script completo.sql</sourceDDLFile>
<createdBy>angel</createdBy>
<createdTime>2025-05-01 17:09:14 UTC</createdTime>
<ownerDesignName>SBD1_Proyecto2_DataModeler</ownerDesignName>
<importedID>1C3EA2BF-ED08-F468-1801-CB2FBFC3704B</importedID>
<allowColumnReorder>false</allowColumnReorder>
<existDependencyGenerateInDDl>true</existDependencyGenerateInDDl>
<parsed>true</parsed>
<columns itemClass="oracle.dbtools.crest.model.design.relational.Column">
<Column name="id_pago_producto_servicio" id="7447C68D-58D6-EEC8-D0FE-D4810800E983">
<sourceDDLFile>script completo.sql</sourceDDLFile>
<createdBy>angel</createdBy>
<createdTime>2025-05-01 17:09:15 UTC</createdTime>
<ownerDesignName>SBD1_Proyecto2_DataModeler</ownerDesignName>
<importedID>AEBDA0F5-3A1B-B5CA-28DE-7251C8CA3244</importedID>
<use>0</use>
<logicalDatatype>LOGDT011</logicalDatatype>
<domain>354A5433-0FBE-E4FB-E859-DBA3BE433BE2</domain>
<ownDataTypeParameters>,,</ownDataTypeParameters>
<autoIncrementColumn>true</autoIncrementColumn>
<identityColumn>true</identityColumn>
<autoIncrementGenerateAlways>true</autoIncrementGenerateAlways>
<autoIncrementCycle>false</autoIncrementCycle>
<autoIncrementOrder>false</autoIncrementOrder>
</Column>
<Column name="id_tipo_pago" id="A6DB2B01-F242-D0D6-02D1-28F944325A57">
<sourceDDLFile>script completo.sql</sourceDDLFile>
<createdBy>angel</createdBy>
<createdTime>2025-05-01 17:09:15 UTC</createdTime>
<ownerDesignName>SBD1_Proyecto2_DataModeler</ownerDesignName>
<importedID>78625DE1-3A52-F576-709A-02B303190AC2</importedID>
<use>0</use>
<logicalDatatype>LOGDT011</logicalDatatype>
<domain>354A5433-0FBE-E4FB-E859-DBA3BE433BE2</domain>
<ownDataTypeParameters>,,</ownDataTypeParameters>
<autoIncrementCycle>false</autoIncrementCycle>
<associations>
<colAssociation fkAssociation="F5881DF0-9ADF-AB74-7CD6-6A8BC103E180" referredColumn="C946775F-D21F-C0C4-0AA1-378C8E43FDCE"/>
</associations>
</Column>
<Column name="tipo_pago" id="DEC653FD-1772-4D88-D41E-5B0ADED79EFE">
<sourceDDLFile>script completo.sql</sourceDDLFile>
<createdBy>angel</createdBy>
<createdTime>2025-05-01 17:09:15 UTC</createdTime>
<ownerDesignName>SBD1_Proyecto2_DataModeler</ownerDesignName>
<importedID>2EE32437-5DD0-2352-43F9-5D473359D18B</importedID>
<use>0</use>
<logicalDatatype>LOGDT011</logicalDatatype>
<domain>354A5433-0FBE-E4FB-E859-DBA3BE433BE2</domain>
<ownDataTypeParameters>,,</ownDataTypeParameters>
<autoIncrementCycle>false</autoIncrementCycle>
</Column>
<Column name="id_tarjeta" id="F7E5E5F1-FD90-A35E-E3AC-F2C5C111850A">
<sourceDDLFile>script completo.sql</sourceDDLFile>
<createdBy>angel</createdBy>
<createdTime>2025-05-01 17:09:15 UTC</createdTime>
<ownerDesignName>SBD1_Proyecto2_DataModeler</ownerDesignName>
<importedID>D39CF839-6E48-DAE8-7306-B063A1E10190</importedID>
<nullsAllowed>true</nullsAllowed>
<use>0</use>
<logicalDatatype>LOGDT011</logicalDatatype>
<domain>354A5433-0FBE-E4FB-E859-DBA3BE433BE2</domain>
<ownDataTypeParameters>,,</ownDataTypeParameters>
<autoIncrementCycle>false</autoIncrementCycle>
<associations>
<colAssociation fkAssociation="F127B62C-2B34-64CA-FE88-567331F3C399" referredColumn="F43E8FA5-1C7C-51E2-B2E4-3698697552B1"/>
</associations>
</Column>
<Column name="id_cliente" id="8AB29A45-1F1B-3395-F0C2-9F975CB63F08">
<sourceDDLFile>script completo.sql</sourceDDLFile>
<createdBy>angel</createdBy>
<createdTime>2025-05-01 17:09:15 UTC</createdTime>
<ownerDesignName>SBD1_Proyecto2_DataModeler</ownerDesignName>
<importedID>7A191B2F-B558-2B79-3D6A-014B1D4531F8</importedID>
<nullsAllowed>true</nullsAllowed>
<use>0</use>
<logicalDatatype>LOGDT011</logicalDatatype>
<domain>354A5433-0FBE-E4FB-E859-DBA3BE433BE2</domain>
<ownDataTypeParameters>,,</ownDataTypeParameters>
<autoIncrementCycle>false</autoIncrementCycle>
<associations>
<colAssociation fkAssociation="37955BB8-290D-87C4-87DC-FF7EA014C7C5" referredColumn="356646B7-EEB5-3C52-9D2F-89E8420786AF"/>
</associations>
</Column>
<Column name="id_cuenta" id="930A3D22-B020-9409-B936-D4A5DE709C54">
<sourceDDLFile>script completo.sql</sourceDDLFile>
<createdBy>angel</createdBy>
<createdTime>2025-05-01 17:09:15 UTC</createdTime>
<ownerDesignName>SBD1_Proyecto2_DataModeler</ownerDesignName>
<importedID>ADD895F3-CDB2-9E1B-A940-46B5688ADFBE</importedID>
<nullsAllowed>true</nullsAllowed>
<use>0</use>
<logicalDatatype>LOGDT011</logicalDatatype>
<domain>354A5433-0FBE-E4FB-E859-DBA3BE433BE2</domain>
<ownDataTypeParameters>,,</ownDataTypeParameters>
<autoIncrementCycle>false</autoIncrementCycle>
<associations>
<colAssociation fkAssociation="B6176004-4550-9C5B-37E0-79B75DE430B2" referredColumn="BE89F3B1-7BD1-4C00-9261-055AC28A882A"/>
</associations>
</Column>
<Column name="id_prestamo" id="AB8A76CF-4B44-5AAE-1491-FEDC8D82FF73">
<sourceDDLFile>script completo.sql</sourceDDLFile>
<createdBy>angel</createdBy>
<createdTime>2025-05-01 17:09:15 UTC</createdTime>
<ownerDesignName>SBD1_Proyecto2_DataModeler</ownerDesignName>
<importedID>33AD8D3F-2395-5C11-79F0-136FF6D4B7EE</importedID>
<nullsAllowed>true</nullsAllowed>
<use>0</use>
<logicalDatatype>LOGDT011</logicalDatatype>
<domain>354A5433-0FBE-E4FB-E859-DBA3BE433BE2</domain>
<ownDataTypeParameters>,,</ownDataTypeParameters>
<autoIncrementCycle>false</autoIncrementCycle>
<associations>
<colAssociation fkAssociation="964775F8-DCA4-05E7-9156-05B66B133710" referredColumn="A6B9A77C-B5BC-C153-53A6-275FDD1207C7"/>
</associations>
</Column>
<Column name="id_seguro" id="14E7E95B-EE88-CBD8-359C-4B80C7193D9B">
<sourceDDLFile>script completo.sql</sourceDDLFile>
<createdBy>angel</createdBy>
<createdTime>2025-05-01 17:09:15 UTC</createdTime>
<ownerDesignName>SBD1_Proyecto2_DataModeler</ownerDesignName>
<importedID>70A709D7-5447-178A-C0F0-C5018CB47003</importedID>
<nullsAllowed>true</nullsAllowed>
<use>0</use>
<logicalDatatype>LOGDT011</logicalDatatype>
<domain>354A5433-0FBE-E4FB-E859-DBA3BE433BE2</domain>
<ownDataTypeParameters>,,</ownDataTypeParameters>
<autoIncrementCycle>false</autoIncrementCycle>
<associations>
<colAssociation fkAssociation="79480E83-0DE5-5463-A2F6-F7768B508F0C" referredColumn="2E1370E6-6F76-EF9A-D2B1-46BF1160C187"/>
</associations>
</Column>
<Column name="id_pago_tarjeta" id="2F7AF5E0-A01C-9FEE-3394-C72216BDB05F">
<sourceDDLFile>script completo.sql</sourceDDLFile>
<createdBy>angel</createdBy>
<createdTime>2025-05-01 17:09:15 UTC</createdTime>
<ownerDesignName>SBD1_Proyecto2_DataModeler</ownerDesignName>
<importedID>CD52ECE8-31C0-BD88-2819-9DDFF87BDEBF</importedID>
<nullsAllowed>true</nullsAllowed>
<use>0</use>
<logicalDatatype>LOGDT011</logicalDatatype>
<domain>354A5433-0FBE-E4FB-E859-DBA3BE433BE2</domain>
<ownDataTypeParameters>,,</ownDataTypeParameters>
<autoIncrementCycle>false</autoIncrementCycle>
<associations>
<colAssociation fkAssociation="04234AF5-1128-F499-EE71-E19D3378D002" referredColumn="F43E8FA5-1C7C-51E2-B2E4-3698697552B1"/>
</associations>
</Column>
<Column name="descripcion" id="2493305C-A479-832A-97B2-AE3E7C1D9DA3">
<sourceDDLFile>script completo.sql</sourceDDLFile>
<createdBy>angel</createdBy>
<createdTime>2025-05-01 17:09:15 UTC</createdTime>
<ownerDesignName>SBD1_Proyecto2_DataModeler</ownerDesignName>
<importedID>8A8781B8-2ED7-BD25-C6EE-ACF202DF922B</importedID>
<use>0</use>
<logicalDatatype>LOGDT024</logicalDatatype>
<domain>B82D9ADB-3EC8-924D-3067-CE85736348D3</domain>
<ownDataTypeParameters>,,</ownDataTypeParameters>
<autoIncrementCycle>false</autoIncrementCycle>
</Column>
<Column name="monto" id="8823DE44-FAFE-2EFD-1AE1-1FD7C18BAA57">
<sourceDDLFile>script completo.sql</sourceDDLFile>
<createdBy>angel</createdBy>
<createdTime>2025-05-01 17:09:15 UTC</createdTime>
<ownerDesignName>SBD1_Proyecto2_DataModeler</ownerDesignName>
<importedID>FC5397BB-284E-0AD1-8015-621B732A18B1</importedID>
<constraintName>chk_monto_positivo_pago</constraintName>
<useDomainConstraints>false</useDomainConstraints>
<use>0</use>
<logicalDatatype>LOGDT019</logicalDatatype>
<domain>B1AD5C2E-4C3D-A289-767D-2B7D8443CAAD</domain>
<checkConstraint>
<implementationDef dbType="Oracle Database 21c" definition="monto &gt; 0"/>
</checkConstraint>
<ownDataTypeParameters>,,</ownDataTypeParameters>
<autoIncrementCycle>false</autoIncrementCycle>
</Column>
<Column name="created_at" id="07EB62DA-B1D1-BEF8-052F-9898B6777A0D">
<sourceDDLFile>script completo.sql</sourceDDLFile>
<createdBy>angel</createdBy>
<createdTime>2025-05-01 17:09:15 UTC</createdTime>
<ownerDesignName>SBD1_Proyecto2_DataModeler</ownerDesignName>
<importedID>DBD62C45-1BA3-6F7B-8217-DFB215C49762</importedID>
<use>0</use>
<logicalDatatype>LOGDT015</logicalDatatype>
<domain>216C6501-C45C-B146-3E70-4147EBBC26AA</domain>
<defaultValue>SYSTIMESTAMP</defaultValue>
<ownDataTypeParameters>,,</ownDataTypeParameters>
<autoIncrementCycle>false</autoIncrementCycle>
</Column>
<Column name="updated_at" id="D32E19E8-DBD2-B44E-FE21-5583CB75DB63">
<sourceDDLFile>script completo.sql</sourceDDLFile>
<createdBy>angel</createdBy>
<createdTime>2025-05-01 17:09:15 UTC</createdTime>
<ownerDesignName>SBD1_Proyecto2_DataModeler</ownerDesignName>
<importedID>1691CE7C-044E-ED5A-4AE6-7C58F2B8D1E9</importedID>
<use>0</use>
<logicalDatatype>LOGDT015</logicalDatatype>
<domain>216C6501-C45C-B146-3E70-4147EBBC26AA</domain>
<defaultValue>SYSTIMESTAMP</defaultValue>
<ownDataTypeParameters>,,</ownDataTypeParameters>
<autoIncrementCycle>false</autoIncrementCycle>
</Column>
</columns>
<indexes itemClass="oracle.dbtools.crest.model.design.relational.Index">
<ind_PK_UK id="E95121B4-1DED-3167-7DAE-BCD3DC6FD961" name="PAGO_PRODUCTO_SERVICIO_PK">
<sourceDDLFile>script completo.sql</sourceDDLFile>
<createdBy>angel</createdBy>
<createdTime>2025-05-01 17:09:15 UTC</createdTime>
<ownerDesignName>SBD1_Proyecto2_DataModeler</ownerDesignName>
<importedID>1A376AD0-E0CC-3872-496F-1AE7E994A5CF</importedID>
<pk>true</pk>
<indexState>Primary Constraint</indexState>
<isSurrogateKey>false</isSurrogateKey>
<indexColumnUsage>
<colUsage columnID="7447C68D-58D6-EEC8-D0FE-D4810800E983"/>
</indexColumnUsage>
</ind_PK_UK>
<ind_PK_UK id="C281B97F-EAAD-A737-08F5-E12B3A569BB0" name="fk_id_cliente_pago">
<createdBy>angel</createdBy>
<createdTime>2025-05-01 17:09:15 UTC</createdTime>
<ownerDesignName>SBD1_Proyecto2_DataModeler</ownerDesignName>
<indexState>Foreign Key</indexState>
<isSurrogateKey>false</isSurrogateKey>
<indexColumnUsage>
<colUsage columnID="8AB29A45-1F1B-3395-F0C2-9F975CB63F08"/>
</indexColumnUsage>
</ind_PK_UK>
<ind_PK_UK id="32612AB4-DFC4-0090-959E-033812426E5B" name="fk_id_cuenta_pago">
<createdBy>angel</createdBy>
<createdTime>2025-05-01 17:09:15 UTC</createdTime>
<ownerDesignName>SBD1_Proyecto2_DataModeler</ownerDesignName>
<indexState>Foreign Key</indexState>
<isSurrogateKey>false</isSurrogateKey>
<indexColumnUsage>
<colUsage columnID="930A3D22-B020-9409-B936-D4A5DE709C54"/>
</indexColumnUsage>
</ind_PK_UK>
<ind_PK_UK id="50DA092B-D992-3640-F78A-9644CF4D6E76" name="fk_id_pago_tarjeta_pago">
<createdBy>angel</createdBy>
<createdTime>2025-05-01 17:09:15 UTC</createdTime>
<ownerDesignName>SBD1_Proyecto2_DataModeler</ownerDesignName>
<indexState>Foreign Key</indexState>
<isSurrogateKey>false</isSurrogateKey>
<indexColumnUsage>
<colUsage columnID="2F7AF5E0-A01C-9FEE-3394-C72216BDB05F"/>
</indexColumnUsage>
</ind_PK_UK>
<ind_PK_UK id="63C384EB-67DB-15E5-4B85-3EB0DEA078A4" name="fk_id_prestamo_pago">
<createdBy>angel</createdBy>
<createdTime>2025-05-01 17:09:15 UTC</createdTime>
<ownerDesignName>SBD1_Proyecto2_DataModeler</ownerDesignName>
<indexState>Foreign Key</indexState>
<isSurrogateKey>false</isSurrogateKey>
<indexColumnUsage>
<colUsage columnID="AB8A76CF-4B44-5AAE-1491-FEDC8D82FF73"/>
</indexColumnUsage>
</ind_PK_UK>
<ind_PK_UK id="90D41A03-1ACA-3B2B-B620-364D6B74C6A9" name="fk_id_seguro_pago">
<createdBy>angel</createdBy>
<createdTime>2025-05-01 17:09:15 UTC</createdTime>
<ownerDesignName>SBD1_Proyecto2_DataModeler</ownerDesignName>
<indexState>Foreign Key</indexState>
<isSurrogateKey>false</isSurrogateKey>
<indexColumnUsage>
<colUsage columnID="14E7E95B-EE88-CBD8-359C-4B80C7193D9B"/>
</indexColumnUsage>
</ind_PK_UK>
<ind_PK_UK id="5EE492C2-C89F-6E6B-CE88-68A0921B6023" name="fk_id_tarjeta_pago">
<createdBy>angel</createdBy>
<createdTime>2025-05-01 17:09:15 UTC</createdTime>
<ownerDesignName>SBD1_Proyecto2_DataModeler</ownerDesignName>
<indexState>Foreign Key</indexState>
<isSurrogateKey>false</isSurrogateKey>
<indexColumnUsage>
<colUsage columnID="F7E5E5F1-FD90-A35E-E3AC-F2C5C111850A"/>
</indexColumnUsage>
</ind_PK_UK>
<ind_PK_UK id="1A86A8D5-752D-C844-7799-67FE9C3C2AC4" name="fk_id_tipo_pago_pago">
<createdBy>angel</createdBy>
<createdTime>2025-05-01 17:09:15 UTC</createdTime>
<ownerDesignName>SBD1_Proyecto2_DataModeler</ownerDesignName>
<indexState>Foreign Key</indexState>
<isSurrogateKey>false</isSurrogateKey>
<indexColumnUsage>
<colUsage columnID="A6DB2B01-F242-D0D6-02D1-28F944325A57"/>
</indexColumnUsage>
</ind_PK_UK>
</indexes>
</Table>