<?xml version = '1.0' encoding = 'UTF-8'?>
<Table class="oracle.dbtools.crest.model.design.relational.Table" directorySegmentName="seg_0" id="6766E9DA-E9D7-0AC8-8009-2BAF02A68E9E" name="CUENTA">
<sourceDDLFile>script completo.sql</sourceDDLFile>
<createdBy>angel</createdBy>
<createdTime>2025-05-01 17:09:14 UTC</createdTime>
<ownerDesignName>SBD1_Proyecto2_DataModeler</ownerDesignName>
<importedID>1F936216-3B3A-5C85-788A-74CF8C7FE0BB</importedID>
<allowColumnReorder>false</allowColumnReorder>
<existDependencyGenerateInDDl>true</existDependencyGenerateInDDl>
<parsed>true</parsed>
<columns itemClass="oracle.dbtools.crest.model.design.relational.Column">
<Column name="id_cuenta" id="BE89F3B1-7BD1-4C00-9261-055AC28A882A">
<sourceDDLFile>script completo.sql</sourceDDLFile>
<createdBy>angel</createdBy>
<createdTime>2025-05-01 17:09:15 UTC</createdTime>
<ownerDesignName>SBD1_Proyecto2_DataModeler</ownerDesignName>
<importedID>6D09BB39-75C2-5FE3-0C6D-FD486281977A</importedID>
<use>0</use>
<logicalDatatype>LOGDT011</logicalDatatype>
<domain>354A5433-0FBE-E4FB-E859-DBA3BE433BE2</domain>
<ownDataTypeParameters>,,</ownDataTypeParameters>
<autoIncrementColumn>true</autoIncrementColumn>
<identityColumn>true</identityColumn>
<autoIncrementCycle>false</autoIncrementCycle>
<autoIncrementOrder>false</autoIncrementOrder>
</Column>
<Column name="id_cliente" id="2EDA3C9F-4B1B-0307-9D6A-29D959E9D667">
<sourceDDLFile>script completo.sql</sourceDDLFile>
<createdBy>angel</createdBy>
<createdTime>2025-05-01 17:09:15 UTC</createdTime>
<ownerDesignName>SBD1_Proyecto2_DataModeler</ownerDesignName>
<importedID>B13F6B07-E3AC-CDD7-6DA6-DAB0DC6DD244</importedID>
<use>0</use>
<logicalDatatype>LOGDT011</logicalDatatype>
<domain>354A5433-0FBE-E4FB-E859-DBA3BE433BE2</domain>
<ownDataTypeParameters>,,</ownDataTypeParameters>
<autoIncrementCycle>false</autoIncrementCycle>
<associations>
<colAssociation fkAssociation="BA70EA98-C635-CC49-63FD-9284CE22A510" referredColumn="356646B7-EEB5-3C52-9D2F-89E8420786AF"/>
</associations>
</Column>
<Column name="monto_apertura" id="C37461DB-125A-3A49-A941-E5184F4BE08E">
<sourceDDLFile>script completo.sql</sourceDDLFile>
<createdBy>angel</createdBy>
<createdTime>2025-05-01 17:09:15 UTC</createdTime>
<ownerDesignName>SBD1_Proyecto2_DataModeler</ownerDesignName>
<importedID>54FA5BDF-48A4-2ECB-5370-1340BC69AE11</importedID>
<constraintName>chk_monto_positivo_cuenta</constraintName>
<useDomainConstraints>false</useDomainConstraints>
<use>0</use>
<logicalDatatype>LOGDT019</logicalDatatype>
<domain>B1AD5C2E-4C3D-A289-767D-2B7D8443CAAD</domain>
<checkConstraint>
<implementationDef dbType="Oracle Database 21c" definition="monto_apertura &gt; 0"/>
</checkConstraint>
<ownDataTypeParameters>,,</ownDataTypeParameters>
<autoIncrementCycle>false</autoIncrementCycle>
</Column>
<Column name="saldo_cuenta" id="C4BEB5CD-B9CA-6ED1-FB31-EE93DD23CE58">
<sourceDDLFile>script completo.sql</sourceDDLFile>
<createdBy>angel</createdBy>
<createdTime>2025-05-01 17:09:15 UTC</createdTime>
<ownerDesignName>SBD1_Proyecto2_DataModeler</ownerDesignName>
<importedID>568CBF27-0062-2553-821C-461E60909170</importedID>
<constraintName>chk_saldo_no_negativo_cuenta</constraintName>
<useDomainConstraints>false</useDomainConstraints>
<use>0</use>
<logicalDatatype>LOGDT019</logicalDatatype>
<domain>B1AD5C2E-4C3D-A289-767D-2B7D8443CAAD</domain>
<checkConstraint>
<implementationDef dbType="Oracle Database 21c" definition="saldo_cuenta &gt;= 0"/>
</checkConstraint>
<ownDataTypeParameters>,,</ownDataTypeParameters>
<autoIncrementCycle>false</autoIncrementCycle>
</Column>
<Column name="fecha_apertura" id="96B08F7D-7C0F-8E32-4298-BA65DB2EB464">
<sourceDDLFile>script completo.sql</sourceDDLFile>
<createdBy>angel</createdBy>
<createdTime>2025-05-01 17:09:15 UTC</createdTime>
<ownerDesignName>SBD1_Proyecto2_DataModeler</ownerDesignName>
<importedID>56ECC1C3-BDEE-05C2-4E4E-02C4CE76347F</importedID>
<use>0</use>
<logicalDatatype>LOGDT007</logicalDatatype>
<domain>4FDEB62A-8200-0FD7-9EB1-E3EE13652924</domain>
<defaultValue>SYSDATE</defaultValue>
<ownDataTypeParameters>,,</ownDataTypeParameters>
<autoIncrementCycle>false</autoIncrementCycle>
</Column>
<Column name="fecha_ultimo_interes" id="59E369DB-721A-C558-2616-26B59ADD30D7">
<sourceDDLFile>script completo.sql</sourceDDLFile>
<createdBy>angel</createdBy>
<createdTime>2025-05-01 17:09:15 UTC</createdTime>
<ownerDesignName>SBD1_Proyecto2_DataModeler</ownerDesignName>
<importedID>12C50AB0-DD38-B791-47E5-210F5E5A5DA4</importedID>
<nullsAllowed>true</nullsAllowed>
<use>0</use>
<logicalDatatype>LOGDT007</logicalDatatype>
<domain>4FDEB62A-8200-0FD7-9EB1-E3EE13652924</domain>
<ownDataTypeParameters>,,</ownDataTypeParameters>
<autoIncrementCycle>false</autoIncrementCycle>
</Column>
<Column name="tipo_cuenta" id="9AF218E0-422D-8EDD-B708-246EEA884B19">
<sourceDDLFile>script completo.sql</sourceDDLFile>
<createdBy>angel</createdBy>
<createdTime>2025-05-01 17:09:15 UTC</createdTime>
<ownerDesignName>SBD1_Proyecto2_DataModeler</ownerDesignName>
<importedID>6E573A60-F38A-E6E8-17C8-744E59451082</importedID>
<use>0</use>
<logicalDatatype>LOGDT011</logicalDatatype>
<domain>354A5433-0FBE-E4FB-E859-DBA3BE433BE2</domain>
<ownDataTypeParameters>,,</ownDataTypeParameters>
<autoIncrementCycle>false</autoIncrementCycle>
<associations>
<colAssociation fkAssociation="175FE216-EC7B-DCD2-BC1B-32958D6B06F5" referredColumn="7FA1C002-5B20-CC99-F977-35E9178A4957"/>
</associations>
</Column>
<Column name="descripcion" id="9BD1D987-91D6-2B33-0D3B-05594749DCF8">
<sourceDDLFile>script completo.sql</sourceDDLFile>
<createdBy>angel</createdBy>
<createdTime>2025-05-01 17:09:15 UTC</createdTime>
<ownerDesignName>SBD1_Proyecto2_DataModeler</ownerDesignName>
<importedID>FEDE15A5-697C-0E79-ADFE-BF6C04123966</importedID>
<use>0</use>
<logicalDatatype>LOGDT024</logicalDatatype>
<domain>E385A445-B392-62AE-A5FD-DC71C86D3AD0</domain>
<ownDataTypeParameters>,,</ownDataTypeParameters>
<autoIncrementCycle>false</autoIncrementCycle>
</Column>
<Column name="otros_detalles" id="6A177B0B-CEA9-B47D-6BDD-D1BAABF23E0B">
<sourceDDLFile>script completo.sql</sourceDDLFile>
<createdBy>angel</createdBy>
<createdTime>2025-05-01 17:09:15 UTC</createdTime>
<ownerDesignName>SBD1_Proyecto2_DataModeler</ownerDesignName>
<importedID>2E2BC68B-14FB-C59F-DE24-3F08C3A3EB13</importedID>
<nullsAllowed>true</nullsAllowed>
<use>0</use>
<logicalDatatype>LOGDT024</logicalDatatype>
<domain>B82D9ADB-3EC8-924D-3067-CE85736348D3</domain>
<ownDataTypeParameters>,,</ownDataTypeParameters>
<autoIncrementCycle>false</autoIncrementCycle>
</Column>
<Column name="created_at" id="548CA9FE-4A39-A526-0F68-24EAFBA11009">
<sourceDDLFile>script completo.sql</sourceDDLFile>
<createdBy>angel</createdBy>
<createdTime>2025-05-01 17:09:15 UTC</createdTime>
<ownerDesignName>SBD1_Proyecto2_DataModeler</ownerDesignName>
<importedID>9E5F1BEA-92AC-0EE9-5788-77B3ED1CBA2F</importedID>
<use>0</use>
<logicalDatatype>LOGDT015</logicalDatatype>
<domain>216C6501-C45C-B146-3E70-4147EBBC26AA</domain>
<defaultValue>SYSTIMESTAMP</defaultValue>
<ownDataTypeParameters>,,</ownDataTypeParameters>
<autoIncrementCycle>false</autoIncrementCycle>
</Column>
<Column name="updated_at" id="38F264D3-79C9-B26B-8A38-2271148F648C">
<sourceDDLFile>script completo.sql</sourceDDLFile>
<createdBy>angel</createdBy>
<createdTime>2025-05-01 17:09:15 UTC</createdTime>
<ownerDesignName>SBD1_Proyecto2_DataModeler</ownerDesignName>
<importedID>143CA80E-A122-D7CE-C933-846911ED2FE7</importedID>
<use>0</use>
<logicalDatatype>LOGDT015</logicalDatatype>
<domain>216C6501-C45C-B146-3E70-4147EBBC26AA</domain>
<defaultValue>SYSTIMESTAMP</defaultValue>
<ownDataTypeParameters>,,</ownDataTypeParameters>
<autoIncrementCycle>false</autoIncrementCycle>
</Column>
</columns>
<indexes itemClass="oracle.dbtools.crest.model.design.relational.Index">
<ind_PK_UK id="916A413D-448B-DC3B-E32A-1EC50BEA188F" name="CUENTA_PK">
<sourceDDLFile>script completo.sql</sourceDDLFile>
<createdBy>angel</createdBy>
<createdTime>2025-05-01 17:09:15 UTC</createdTime>
<ownerDesignName>SBD1_Proyecto2_DataModeler</ownerDesignName>
<importedID>07A0AA43-36E0-DB48-7AD9-FA1720BFC7C9</importedID>
<pk>true</pk>
<indexState>Primary Constraint</indexState>
<isSurrogateKey>false</isSurrogateKey>
<indexColumnUsage>
<colUsage columnID="BE89F3B1-7BD1-4C00-9261-055AC28A882A"/>
</indexColumnUsage>
</ind_PK_UK>
<ind_PK_UK id="B95B30A2-0636-FADF-93D1-638B5481CB44" name="fk_id_cliente">
<createdBy>angel</createdBy>
<createdTime>2025-05-01 17:09:15 UTC</createdTime>
<ownerDesignName>SBD1_Proyecto2_DataModeler</ownerDesignName>
<indexState>Foreign Key</indexState>
<isSurrogateKey>false</isSurrogateKey>
<indexColumnUsage>
<colUsage columnID="2EDA3C9F-4B1B-0307-9D6A-29D959E9D667"/>
</indexColumnUsage>
</ind_PK_UK>
<ind_PK_UK id="93D658A3-621B-49C4-C6D6-4A7CD34B4F29" name="fk_tipo_cuenta">
<createdBy>angel</createdBy>
<createdTime>2025-05-01 17:09:15 UTC</createdTime>
<ownerDesignName>SBD1_Proyecto2_DataModeler</ownerDesignName>
<indexState>Foreign Key</indexState>
<isSurrogateKey>false</isSurrogateKey>
<indexColumnUsage>
<colUsage columnID="9AF218E0-422D-8EDD-B708-246EEA884B19"/>
</indexColumnUsage>
</ind_PK_UK>
</indexes>
</Table>