<?xml version = '1.0' encoding = 'UTF-8'?>
<Table class="oracle.dbtools.crest.model.design.relational.Table" directorySegmentName="seg_0" id="CC30FAEC-8C5D-4730-45DB-06F2DF7936E8" name="CLIENTE">
<sourceDDLFile>script completo.sql</sourceDDLFile>
<createdBy>angel</createdBy>
<createdTime>2025-05-01 17:09:14 UTC</createdTime>
<ownerDesignName>SBD1_Proyecto2_DataModeler</ownerDesignName>
<importedID>A92EA72F-8BE1-E90F-6DF0-4C692DDA231A</importedID>
<allowColumnReorder>false</allowColumnReorder>
<existDependencyGenerateInDDl>true</existDependencyGenerateInDDl>
<parsed>true</parsed>
<columns itemClass="oracle.dbtools.crest.model.design.relational.Column">
<Column name="id_cliente" id="356646B7-EEB5-3C52-9D2F-89E8420786AF">
<sourceDDLFile>script completo.sql</sourceDDLFile>
<createdBy>angel</createdBy>
<createdTime>2025-05-01 17:09:14 UTC</createdTime>
<ownerDesignName>SBD1_Proyecto2_DataModeler</ownerDesignName>
<importedID>03D86475-4348-F66C-7C07-B4CE2F3E9069</importedID>
<use>0</use>
<logicalDatatype>LOGDT011</logicalDatatype>
<domain>354A5433-0FBE-E4FB-E859-DBA3BE433BE2</domain>
<ownDataTypeParameters>,,</ownDataTypeParameters>
<autoIncrementColumn>true</autoIncrementColumn>
<identityColumn>true</identityColumn>
<autoIncrementGenerateAlways>true</autoIncrementGenerateAlways>
<autoIncrementCycle>false</autoIncrementCycle>
<autoIncrementOrder>false</autoIncrementOrder>
</Column>
<Column name="nombre" id="A26DAD98-92C2-893F-D0EA-CB2EFDF9CEF3">
<sourceDDLFile>script completo.sql</sourceDDLFile>
<createdBy>angel</createdBy>
<createdTime>2025-05-01 17:09:14 UTC</createdTime>
<ownerDesignName>SBD1_Proyecto2_DataModeler</ownerDesignName>
<importedID>63FE23ED-4E4F-56A8-C55D-F06704F9AA3E</importedID>
<constraintName>chk_nombre</constraintName>
<useDomainConstraints>false</useDomainConstraints>
<use>0</use>
<logicalDatatype>LOGDT024</logicalDatatype>
<domain>97227357-CD27-501F-37C1-1D9C66C8A7BE</domain>
<checkConstraint>
<implementationDef dbType="Oracle Database 21c" definition="REGEXP_LIKE(nombre, &apos;^[A-Za-zÁÉÍÓÚáéíóúÑñÜü ]+$&apos;)"/>
</checkConstraint>
<ownDataTypeParameters>,,</ownDataTypeParameters>
<autoIncrementCycle>false</autoIncrementCycle>
</Column>
<Column name="apellido" id="8A587A2F-9D50-B65A-D1CE-8946E36BC4C2">
<sourceDDLFile>script completo.sql</sourceDDLFile>
<createdBy>angel</createdBy>
<createdTime>2025-05-01 17:09:14 UTC</createdTime>
<ownerDesignName>SBD1_Proyecto2_DataModeler</ownerDesignName>
<importedID>7BBE394E-4480-AD47-0958-8CE159100A51</importedID>
<constraintName>chk_apellido</constraintName>
<useDomainConstraints>false</useDomainConstraints>
<use>0</use>
<logicalDatatype>LOGDT024</logicalDatatype>
<domain>97227357-CD27-501F-37C1-1D9C66C8A7BE</domain>
<checkConstraint>
<implementationDef dbType="Oracle Database 21c" definition="REGEXP_LIKE(apellido, &apos;^[A-Za-zÁÉÍÓÚáéíóúÑñÜü ]+$&apos;)"/>
</checkConstraint>
<ownDataTypeParameters>,,</ownDataTypeParameters>
<autoIncrementCycle>false</autoIncrementCycle>
</Column>
<Column name="numero_telefono" id="B2B1641D-DB02-CB93-22CF-C65DA6D180B2">
<sourceDDLFile>script completo.sql</sourceDDLFile>
<createdBy>angel</createdBy>
<createdTime>2025-05-01 17:09:14 UTC</createdTime>
<ownerDesignName>SBD1_Proyecto2_DataModeler</ownerDesignName>
<importedID>3438B1B8-D800-C2D3-66CB-1A127F59E225</importedID>
<use>0</use>
<logicalDatatype>LOGDT024</logicalDatatype>
<domain>58FA07E9-8378-9408-52F5-585F6A507DE6</domain>
<ownDataTypeParameters>,,</ownDataTypeParameters>
<autoIncrementCycle>false</autoIncrementCycle>
</Column>
<Column name="email" id="5CEAA299-8C20-0426-14E7-5832F6D7F66E">
<sourceDDLFile>script completo.sql</sourceDDLFile>
<createdBy>angel</createdBy>
<createdTime>2025-05-01 17:09:14 UTC</createdTime>
<ownerDesignName>SBD1_Proyecto2_DataModeler</ownerDesignName>
<importedID>FE250ECF-8121-71C3-D8C1-94B2A144F8C8</importedID>
<use>0</use>
<logicalDatatype>LOGDT024</logicalDatatype>
<domain>97227357-CD27-501F-37C1-1D9C66C8A7BE</domain>
<ownDataTypeParameters>,,</ownDataTypeParameters>
<autoIncrementCycle>false</autoIncrementCycle>
</Column>
<Column name="usuario" id="D4973F35-F2B8-1671-B78A-DC11A7B8E2A9">
<sourceDDLFile>script completo.sql</sourceDDLFile>
<createdBy>angel</createdBy>
<createdTime>2025-05-01 17:09:14 UTC</createdTime>
<ownerDesignName>SBD1_Proyecto2_DataModeler</ownerDesignName>
<importedID>642EAB0D-D912-2F36-4B98-BAFA3DBC79D2</importedID>
<use>0</use>
<logicalDatatype>LOGDT024</logicalDatatype>
<domain>97227357-CD27-501F-37C1-1D9C66C8A7BE</domain>
<ownDataTypeParameters>,,</ownDataTypeParameters>
<autoIncrementCycle>false</autoIncrementCycle>
</Column>
<Column name="contrasena" id="947444D9-9770-1400-7EF2-765A0E2621F7">
<sourceDDLFile>script completo.sql</sourceDDLFile>
<createdBy>angel</createdBy>
<createdTime>2025-05-01 17:09:14 UTC</createdTime>
<ownerDesignName>SBD1_Proyecto2_DataModeler</ownerDesignName>
<importedID>50138D66-EDF3-94FB-D097-C3891817074B</importedID>
<use>0</use>
<logicalDatatype>LOGDT024</logicalDatatype>
<domain>B82D9ADB-3EC8-924D-3067-CE85736348D3</domain>
<ownDataTypeParameters>,,</ownDataTypeParameters>
<autoIncrementCycle>false</autoIncrementCycle>
</Column>
<Column name="fecha_nacimiento" id="C994A444-A22A-F4CE-A2C3-A1762E2FAC09">
<sourceDDLFile>script completo.sql</sourceDDLFile>
<createdBy>angel</createdBy>
<createdTime>2025-05-01 17:09:14 UTC</createdTime>
<ownerDesignName>SBD1_Proyecto2_DataModeler</ownerDesignName>
<importedID>1143DBE6-311D-4D55-15B4-571BFB3D1278</importedID>
<use>0</use>
<logicalDatatype>LOGDT007</logicalDatatype>
<domain>4FDEB62A-8200-0FD7-9EB1-E3EE13652924</domain>
<ownDataTypeParameters>,,</ownDataTypeParameters>
<autoIncrementCycle>false</autoIncrementCycle>
</Column>
<Column name="tipo_cliente" id="1F8E0087-4014-B68F-4142-2B113F2AB3B0">
<sourceDDLFile>script completo.sql</sourceDDLFile>
<createdBy>angel</createdBy>
<createdTime>2025-05-01 17:09:14 UTC</createdTime>
<ownerDesignName>SBD1_Proyecto2_DataModeler</ownerDesignName>
<importedID>C545AE94-6DA5-E70E-FFD9-2881798AA740</importedID>
<use>0</use>
<logicalDatatype>LOGDT011</logicalDatatype>
<domain>354A5433-0FBE-E4FB-E859-DBA3BE433BE2</domain>
<ownDataTypeParameters>,,</ownDataTypeParameters>
<autoIncrementCycle>false</autoIncrementCycle>
<associations>
<colAssociation fkAssociation="8306AFE0-7029-CC5A-98A4-9A76456C59FD" referredColumn="10278B73-59EE-5F5D-158C-00EAC9F702DD"/>
</associations>
</Column>
<Column name="created_at" id="10C1CA71-3371-01F1-DFFB-CBEC4D91E349">
<sourceDDLFile>script completo.sql</sourceDDLFile>
<createdBy>angel</createdBy>
<createdTime>2025-05-01 17:09:14 UTC</createdTime>
<ownerDesignName>SBD1_Proyecto2_DataModeler</ownerDesignName>
<importedID>658FBBC5-A4D9-0920-0F19-FC7E29694433</importedID>
<use>0</use>
<logicalDatatype>LOGDT015</logicalDatatype>
<domain>216C6501-C45C-B146-3E70-4147EBBC26AA</domain>
<defaultValue>SYSTIMESTAMP</defaultValue>
<ownDataTypeParameters>,,</ownDataTypeParameters>
<autoIncrementCycle>false</autoIncrementCycle>
</Column>
<Column name="updated_at" id="194B70EE-D799-609A-6BCA-57C7E4478D82">
<sourceDDLFile>script completo.sql</sourceDDLFile>
<createdBy>angel</createdBy>
<createdTime>2025-05-01 17:09:15 UTC</createdTime>
<ownerDesignName>SBD1_Proyecto2_DataModeler</ownerDesignName>
<importedID>138FF665-EC0B-CF8F-7AF5-819CE230B848</importedID>
<use>0</use>
<logicalDatatype>LOGDT015</logicalDatatype>
<domain>216C6501-C45C-B146-3E70-4147EBBC26AA</domain>
<defaultValue>SYSTIMESTAMP</defaultValue>
<ownDataTypeParameters>,,</ownDataTypeParameters>
<autoIncrementCycle>false</autoIncrementCycle>
</Column>
</columns>
<indexes itemClass="oracle.dbtools.crest.model.design.relational.Index">
<ind_PK_UK id="3175DA2A-A69A-7164-2C8E-0A73B54F85A3" name="CLIENTE_PK">
<sourceDDLFile>script completo.sql</sourceDDLFile>
<createdBy>angel</createdBy>
<createdTime>2025-05-01 17:09:15 UTC</createdTime>
<ownerDesignName>SBD1_Proyecto2_DataModeler</ownerDesignName>
<importedID>F015AD6D-B1AC-2B76-BD4F-D17F7187EF47</importedID>
<pk>true</pk>
<indexState>Primary Constraint</indexState>
<isSurrogateKey>false</isSurrogateKey>
<indexColumnUsage>
<colUsage columnID="356646B7-EEB5-3C52-9D2F-89E8420786AF"/>
</indexColumnUsage>
</ind_PK_UK>
<ind_PK_UK id="2ECFB541-7BB7-023F-CF4C-305A0B891097" name="INDEX_1">
<sourceDDLFile>script completo.sql</sourceDDLFile>
<createdBy>angel</createdBy>
<createdTime>2025-05-01 17:09:15 UTC</createdTime>
<ownerDesignName>SBD1_Proyecto2_DataModeler</ownerDesignName>
<importedID>0A3FBB1A-B7CA-0FAA-F0A4-8B55596BB46B</importedID>
<indexState>Unique Constraint</indexState>
<isSurrogateKey>false</isSurrogateKey>
<indexColumnUsage>
<colUsage columnID="D4973F35-F2B8-1671-B78A-DC11A7B8E2A9"/>
</indexColumnUsage>
</ind_PK_UK>
<ind_PK_UK id="2CA985DD-986A-01B2-1242-62407B04473D" name="fk_tipo_cliente">
<createdBy>angel</createdBy>
<createdTime>2025-05-01 17:09:15 UTC</createdTime>
<ownerDesignName>SBD1_Proyecto2_DataModeler</ownerDesignName>
<indexState>Foreign Key</indexState>
<isSurrogateKey>false</isSurrogateKey>
<indexColumnUsage>
<colUsage columnID="1F8E0087-4014-B68F-4142-2B113F2AB3B0"/>
</indexColumnUsage>
</ind_PK_UK>
</indexes>
</Table>