<?xml version = '1.0' encoding = 'UTF-8'?>
<Table class="oracle.dbtools.crest.model.design.relational.Table" directorySegmentName="seg_0" id="F4B4CB0C-17F2-61B5-A02A-BD521473BAC1" name="TRANSACCION">
<sourceDDLFile>script completo.sql</sourceDDLFile>
<createdBy>angel</createdBy>
<createdTime>2025-05-01 17:09:14 UTC</createdTime>
<ownerDesignName>SBD1_Proyecto2_DataModeler</ownerDesignName>
<importedID>DFB24B77-342E-0408-277A-3D4930D8628C</importedID>
<allowColumnReorder>false</allowColumnReorder>
<existDependencyGenerateInDDl>true</existDependencyGenerateInDDl>
<parsed>true</parsed>
<columns itemClass="oracle.dbtools.crest.model.design.relational.Column">
<Column name="id_transaccion" id="447E7A58-9355-A44A-40AD-46B700DFE7AE">
<sourceDDLFile>script completo.sql</sourceDDLFile>
<createdBy>angel</createdBy>
<createdTime>2025-05-01 17:09:15 UTC</createdTime>
<ownerDesignName>SBD1_Proyecto2_DataModeler</ownerDesignName>
<importedID>45CB0D79-A872-507E-91D1-8C77C4F8A1AE</importedID>
<use>0</use>
<logicalDatatype>LOGDT011</logicalDatatype>
<domain>354A5433-0FBE-E4FB-E859-DBA3BE433BE2</domain>
<ownDataTypeParameters>,,</ownDataTypeParameters>
<autoIncrementColumn>true</autoIncrementColumn>
<identityColumn>true</identityColumn>
<autoIncrementGenerateAlways>true</autoIncrementGenerateAlways>
<autoIncrementCycle>false</autoIncrementCycle>
<autoIncrementOrder>false</autoIncrementOrder>
</Column>
<Column name="id_tipo_transaccion" id="3D78AF20-23F0-AD4E-752F-E2C4D6846AB3">
<sourceDDLFile>script completo.sql</sourceDDLFile>
<createdBy>angel</createdBy>
<createdTime>2025-05-01 17:09:15 UTC</createdTime>
<ownerDesignName>SBD1_Proyecto2_DataModeler</ownerDesignName>
<importedID>D756672D-A4C0-0002-86AE-B43CE4E30145</importedID>
<use>0</use>
<logicalDatatype>LOGDT011</logicalDatatype>
<domain>354A5433-0FBE-E4FB-E859-DBA3BE433BE2</domain>
<ownDataTypeParameters>,,</ownDataTypeParameters>
<autoIncrementCycle>false</autoIncrementCycle>
<associations>
<colAssociation fkAssociation="29DDC05A-FD67-5DBF-7501-40EF08C511EA" referredColumn="D8D96520-7919-11C1-A23E-6BEEC2640C81"/>
</associations>
</Column>
<Column name="fecha_transaccion" id="8826AC9D-561F-1557-E907-51EDD052B7EA">
<sourceDDLFile>script completo.sql</sourceDDLFile>
<createdBy>angel</createdBy>
<createdTime>2025-05-01 17:09:15 UTC</createdTime>
<ownerDesignName>SBD1_Proyecto2_DataModeler</ownerDesignName>
<importedID>2B81018C-961D-2020-78F4-8FB4A3656C20</importedID>
<use>0</use>
<logicalDatatype>LOGDT015</logicalDatatype>
<domain>216C6501-C45C-B146-3E70-4147EBBC26AA</domain>
<ownDataTypeParameters>,,</ownDataTypeParameters>
<autoIncrementCycle>false</autoIncrementCycle>
</Column>
<Column name="otros_detalles" id="ABFBF2C3-9783-B91D-BE85-2C8285B9BDAC">
<sourceDDLFile>script completo.sql</sourceDDLFile>
<createdBy>angel</createdBy>
<createdTime>2025-05-01 17:09:15 UTC</createdTime>
<ownerDesignName>SBD1_Proyecto2_DataModeler</ownerDesignName>
<importedID>813062B4-75B1-BB3E-2B7B-9127A63D2006</importedID>
<nullsAllowed>true</nullsAllowed>
<use>0</use>
<logicalDatatype>LOGDT024</logicalDatatype>
<domain>B82D9ADB-3EC8-924D-3067-CE85736348D3</domain>
<ownDataTypeParameters>,,</ownDataTypeParameters>
<autoIncrementCycle>false</autoIncrementCycle>
</Column>
<Column name="id_cliente" id="DBD55329-BD65-B263-D5F8-014CB3ABC436">
<sourceDDLFile>script completo.sql</sourceDDLFile>
<createdBy>angel</createdBy>
<createdTime>2025-05-01 17:09:15 UTC</createdTime>
<ownerDesignName>SBD1_Proyecto2_DataModeler</ownerDesignName>
<importedID>5582FAC7-5440-D13A-E5BF-AECD19C9951A</importedID>
<use>0</use>
<logicalDatatype>LOGDT011</logicalDatatype>
<domain>354A5433-0FBE-E4FB-E859-DBA3BE433BE2</domain>
<ownDataTypeParameters>,,</ownDataTypeParameters>
<autoIncrementCycle>false</autoIncrementCycle>
<associations>
<colAssociation fkAssociation="7D7B66F5-F963-2B1E-FBB7-712D4E775A57" referredColumn="356646B7-EEB5-3C52-9D2F-89E8420786AF"/>
</associations>
</Column>
<Column name="id_cuenta" id="DEBB3E97-AB17-1641-1475-DF8EC43D2B14">
<sourceDDLFile>script completo.sql</sourceDDLFile>
<createdBy>angel</createdBy>
<createdTime>2025-05-01 17:09:15 UTC</createdTime>
<ownerDesignName>SBD1_Proyecto2_DataModeler</ownerDesignName>
<importedID>83F03931-A701-5E86-56CA-64B8AFD58F1B</importedID>
<nullsAllowed>true</nullsAllowed>
<use>0</use>
<logicalDatatype>LOGDT011</logicalDatatype>
<domain>354A5433-0FBE-E4FB-E859-DBA3BE433BE2</domain>
<ownDataTypeParameters>,,</ownDataTypeParameters>
<autoIncrementCycle>false</autoIncrementCycle>
<associations>
<colAssociation fkAssociation="35E38CC4-9722-2951-0226-9B6A67EFFBEC" referredColumn="BE89F3B1-7BD1-4C00-9261-055AC28A882A"/>
</associations>
</Column>
<Column name="id_tarjeta" id="14C7B998-E6F8-2CDB-94C2-E4F4A2E75429">
<sourceDDLFile>script completo.sql</sourceDDLFile>
<createdBy>angel</createdBy>
<createdTime>2025-05-01 17:09:15 UTC</createdTime>
<ownerDesignName>SBD1_Proyecto2_DataModeler</ownerDesignName>
<importedID>52C6C3B1-DF97-0842-4AA7-578E5206114E</importedID>
<nullsAllowed>true</nullsAllowed>
<use>0</use>
<logicalDatatype>LOGDT011</logicalDatatype>
<domain>354A5433-0FBE-E4FB-E859-DBA3BE433BE2</domain>
<ownDataTypeParameters>,,</ownDataTypeParameters>
<autoIncrementCycle>false</autoIncrementCycle>
<associations>
<colAssociation fkAssociation="3CE9E024-726F-4B99-81FB-E905F99685C0" referredColumn="F43E8FA5-1C7C-51E2-B2E4-3698697552B1"/>
</associations>
</Column>
<Column name="valor" id="92BD8F35-69BB-921D-3E4B-775EB9F39FCF">
<sourceDDLFile>script completo.sql</sourceDDLFile>
<createdBy>angel</createdBy>
<createdTime>2025-05-01 17:09:15 UTC</createdTime>
<ownerDesignName>SBD1_Proyecto2_DataModeler</ownerDesignName>
<importedID>B0603EEC-F3AA-1BB3-E765-6F41DC619D13</importedID>
<constraintName>chk_monto_positivo_transaccion</constraintName>
<useDomainConstraints>false</useDomainConstraints>
<use>0</use>
<logicalDatatype>LOGDT019</logicalDatatype>
<domain>B1AD5C2E-4C3D-A289-767D-2B7D8443CAAD</domain>
<checkConstraint>
<implementationDef dbType="Oracle Database 21c" definition="valor &gt; 0"/>
</checkConstraint>
<ownDataTypeParameters>,,</ownDataTypeParameters>
<autoIncrementCycle>false</autoIncrementCycle>
</Column>
<Column name="id_cuenta_origen" id="64D82D97-B9A0-666C-8C1A-75F53F340E00">
<sourceDDLFile>script completo.sql</sourceDDLFile>
<createdBy>angel</createdBy>
<createdTime>2025-05-01 17:09:15 UTC</createdTime>
<ownerDesignName>SBD1_Proyecto2_DataModeler</ownerDesignName>
<importedID>E107ED0E-8286-8FE1-DB60-8E7B85556052</importedID>
<nullsAllowed>true</nullsAllowed>
<use>0</use>
<logicalDatatype>LOGDT011</logicalDatatype>
<domain>354A5433-0FBE-E4FB-E859-DBA3BE433BE2</domain>
<ownDataTypeParameters>,,</ownDataTypeParameters>
<autoIncrementCycle>false</autoIncrementCycle>
<associations>
<colAssociation fkAssociation="F4D69593-841E-FDED-4826-8DB40555A78E" referredColumn="BE89F3B1-7BD1-4C00-9261-055AC28A882A"/>
</associations>
</Column>
<Column name="id_cuenta_destino" id="8BE3EF34-184D-B067-F614-CB7BAF198281">
<sourceDDLFile>script completo.sql</sourceDDLFile>
<createdBy>angel</createdBy>
<createdTime>2025-05-01 17:09:15 UTC</createdTime>
<ownerDesignName>SBD1_Proyecto2_DataModeler</ownerDesignName>
<importedID>171E1703-18A8-A380-E95E-F6466C0D361A</importedID>
<nullsAllowed>true</nullsAllowed>
<use>0</use>
<logicalDatatype>LOGDT011</logicalDatatype>
<domain>354A5433-0FBE-E4FB-E859-DBA3BE433BE2</domain>
<ownDataTypeParameters>,,</ownDataTypeParameters>
<autoIncrementCycle>false</autoIncrementCycle>
<associations>
<colAssociation fkAssociation="B01DB277-118A-0E2D-B3DA-2FC2BA4184F1" referredColumn="BE89F3B1-7BD1-4C00-9261-055AC28A882A"/>
</associations>
</Column>
<Column name="created_at" id="7A3D401B-3A8E-5058-DF1E-E02B46138AFC">
<sourceDDLFile>script completo.sql</sourceDDLFile>
<createdBy>angel</createdBy>
<createdTime>2025-05-01 17:09:15 UTC</createdTime>
<ownerDesignName>SBD1_Proyecto2_DataModeler</ownerDesignName>
<importedID>DD931E40-55A9-E7CB-1C86-348396772AFE</importedID>
<use>0</use>
<logicalDatatype>LOGDT015</logicalDatatype>
<domain>216C6501-C45C-B146-3E70-4147EBBC26AA</domain>
<defaultValue>SYSTIMESTAMP</defaultValue>
<ownDataTypeParameters>,,</ownDataTypeParameters>
<autoIncrementCycle>false</autoIncrementCycle>
</Column>
<Column name="updated_at" id="EFAEFD29-BC92-7178-41BF-F0C9B613864E">
<sourceDDLFile>script completo.sql</sourceDDLFile>
<createdBy>angel</createdBy>
<createdTime>2025-05-01 17:09:15 UTC</createdTime>
<ownerDesignName>SBD1_Proyecto2_DataModeler</ownerDesignName>
<importedID>6321AEBD-3D58-A73C-28DB-DEC0B7A095F7</importedID>
<use>0</use>
<logicalDatatype>LOGDT015</logicalDatatype>
<domain>216C6501-C45C-B146-3E70-4147EBBC26AA</domain>
<defaultValue>SYSTIMESTAMP</defaultValue>
<ownDataTypeParameters>,,</ownDataTypeParameters>
<autoIncrementCycle>false</autoIncrementCycle>
</Column>
</columns>
<indexes itemClass="oracle.dbtools.crest.model.design.relational.Index">
<ind_PK_UK id="F1232453-564C-81E8-BDC2-3B91AADEDCC4" name="TRANSACCION_PK">
<sourceDDLFile>script completo.sql</sourceDDLFile>
<createdBy>angel</createdBy>
<createdTime>2025-05-01 17:09:15 UTC</createdTime>
<ownerDesignName>SBD1_Proyecto2_DataModeler</ownerDesignName>
<importedID>B50AE530-5E00-9B96-A376-509AA3EC6C1B</importedID>
<pk>true</pk>
<indexState>Primary Constraint</indexState>
<isSurrogateKey>false</isSurrogateKey>
<indexColumnUsage>
<colUsage columnID="447E7A58-9355-A44A-40AD-46B700DFE7AE"/>
</indexColumnUsage>
</ind_PK_UK>
<ind_PK_UK id="1BB18936-B297-D5CB-AB95-147DCC576610" name="fk_id_cliente_transaccion">
<createdBy>angel</createdBy>
<createdTime>2025-05-01 17:09:15 UTC</createdTime>
<ownerDesignName>SBD1_Proyecto2_DataModeler</ownerDesignName>
<indexState>Foreign Key</indexState>
<isSurrogateKey>false</isSurrogateKey>
<indexColumnUsage>
<colUsage columnID="DBD55329-BD65-B263-D5F8-014CB3ABC436"/>
</indexColumnUsage>
</ind_PK_UK>
<ind_PK_UK id="636A2483-EEFD-681E-46D1-0F45B1DA65FD" name="fk_id_cuenta_destino_transaccion">
<createdBy>angel</createdBy>
<createdTime>2025-05-01 17:09:15 UTC</createdTime>
<ownerDesignName>SBD1_Proyecto2_DataModeler</ownerDesignName>
<indexState>Foreign Key</indexState>
<isSurrogateKey>false</isSurrogateKey>
<indexColumnUsage>
<colUsage columnID="8BE3EF34-184D-B067-F614-CB7BAF198281"/>
</indexColumnUsage>
</ind_PK_UK>
<ind_PK_UK id="1070D8E1-D4C8-14B2-DE99-2451FF33EA0A" name="fk_id_cuenta_origen_transaccion">
<createdBy>angel</createdBy>
<createdTime>2025-05-01 17:09:15 UTC</createdTime>
<ownerDesignName>SBD1_Proyecto2_DataModeler</ownerDesignName>
<indexState>Foreign Key</indexState>
<isSurrogateKey>false</isSurrogateKey>
<indexColumnUsage>
<colUsage columnID="64D82D97-B9A0-666C-8C1A-75F53F340E00"/>
</indexColumnUsage>
</ind_PK_UK>
<ind_PK_UK id="5F98A48E-9E84-0385-9393-A3DBE2F45CFB" name="fk_id_cuenta_transaccion">
<createdBy>angel</createdBy>
<createdTime>2025-05-01 17:09:15 UTC</createdTime>
<ownerDesignName>SBD1_Proyecto2_DataModeler</ownerDesignName>
<indexState>Foreign Key</indexState>
<isSurrogateKey>false</isSurrogateKey>
<indexColumnUsage>
<colUsage columnID="DEBB3E97-AB17-1641-1475-DF8EC43D2B14"/>
</indexColumnUsage>
</ind_PK_UK>
<ind_PK_UK id="DCC5E10E-7DD0-1AA0-1B58-4E8AA0D47C8F" name="fk_id_tarjeta_transaccion">
<createdBy>angel</createdBy>
<createdTime>2025-05-01 17:09:15 UTC</createdTime>
<ownerDesignName>SBD1_Proyecto2_DataModeler</ownerDesignName>
<indexState>Foreign Key</indexState>
<isSurrogateKey>false</isSurrogateKey>
<indexColumnUsage>
<colUsage columnID="14C7B998-E6F8-2CDB-94C2-E4F4A2E75429"/>
</indexColumnUsage>
</ind_PK_UK>
<ind_PK_UK id="FBD7C6D0-F28D-A0A9-0293-9C6DF4A64DB1" name="fk_id_tipo_transaccion_transaccion">
<createdBy>angel</createdBy>
<createdTime>2025-05-01 17:09:15 UTC</createdTime>
<ownerDesignName>SBD1_Proyecto2_DataModeler</ownerDesignName>
<indexState>Foreign Key</indexState>
<isSurrogateKey>false</isSurrogateKey>
<indexColumnUsage>
<colUsage columnID="3D78AF20-23F0-AD4E-752F-E2C4D6846AB3"/>
</indexColumnUsage>
</ind_PK_UK>
</indexes>
<tableCheckConstraints itemClass="oracle.dbtools.crest.model.design.constraint.TableLevelConstraint">
<tableCheckConstraint name="chk_cuenta_o_tarjeta" directorySegmentName="seg_0" id="5B16D7A9-28BE-6739-78DA-71738F34E286">
<sourceDDLFile>script completo.sql</sourceDDLFile>
<createdBy>angel</createdBy>
<createdTime>2025-05-01 17:09:15 UTC</createdTime>
<ownerDesignName>SBD1_Proyecto2_DataModeler</ownerDesignName>
<importedID>C6F0D681-E33F-547C-C8E3-CF0771889C78</importedID>
<rule><![CDATA[id_cuenta IS NOT NULL OR id_tarjeta IS NOT NULL]]></rule>
</tableCheckConstraint>
</tableCheckConstraints>
</Table>