<?xml version = '1.0' encoding = 'UTF-8'?>
<Table class="oracle.dbtools.crest.model.design.relational.Table" directorySegmentName="seg_0" id="F5BF668E-618F-DCF4-434D-E769DFE09075" name="PREMIO">
<sourceDDLFile>script completo.sql</sourceDDLFile>
<createdBy>angel</createdBy>
<createdTime>2025-05-01 17:09:14 UTC</createdTime>
<ownerDesignName>SBD1_Proyecto2_DataModeler</ownerDesignName>
<importedID>04FD94DF-DCF2-46BD-6AB5-E0E65124208A</importedID>
<allowColumnReorder>false</allowColumnReorder>
<existDependencyGenerateInDDl>true</existDependencyGenerateInDDl>
<parsed>true</parsed>
<columns itemClass="oracle.dbtools.crest.model.design.relational.Column">
<Column name="id_premio" id="7FAE5DCF-7FCB-57C3-4108-F739FBF197D7">
<sourceDDLFile>script completo.sql</sourceDDLFile>
<createdBy>angel</createdBy>
<createdTime>2025-05-01 17:09:15 UTC</createdTime>
<ownerDesignName>SBD1_Proyecto2_DataModeler</ownerDesignName>
<importedID>C3C3DEEB-3C94-59AF-5F00-58B47C8A9D13</importedID>
<use>0</use>
<logicalDatatype>LOGDT011</logicalDatatype>
<domain>354A5433-0FBE-E4FB-E859-DBA3BE433BE2</domain>
<ownDataTypeParameters>,,</ownDataTypeParameters>
<autoIncrementColumn>true</autoIncrementColumn>
<identityColumn>true</identityColumn>
<autoIncrementGenerateAlways>true</autoIncrementGenerateAlways>
<autoIncrementCycle>false</autoIncrementCycle>
<autoIncrementOrder>false</autoIncrementOrder>
</Column>
<Column name="id_cliente" id="85FB04DA-A1EA-D459-6DCD-CBC41869EAB9">
<sourceDDLFile>script completo.sql</sourceDDLFile>
<createdBy>angel</createdBy>
<createdTime>2025-05-01 17:09:15 UTC</createdTime>
<ownerDesignName>SBD1_Proyecto2_DataModeler</ownerDesignName>
<importedID>FA9D2FF8-327C-F8C3-AFB3-30278887F1DF</importedID>
<use>0</use>
<logicalDatatype>LOGDT011</logicalDatatype>
<domain>354A5433-0FBE-E4FB-E859-DBA3BE433BE2</domain>
<ownDataTypeParameters>,,</ownDataTypeParameters>
<autoIncrementCycle>false</autoIncrementCycle>
<associations>
<colAssociation fkAssociation="0B33352E-7D7E-C4D3-B771-96978207EB83" referredColumn="356646B7-EEB5-3C52-9D2F-89E8420786AF"/>
</associations>
</Column>
<Column name="id_tarjeta" id="9212CD40-4E5B-C92D-D579-029A258EBE87">
<sourceDDLFile>script completo.sql</sourceDDLFile>
<createdBy>angel</createdBy>
<createdTime>2025-05-01 17:09:15 UTC</createdTime>
<ownerDesignName>SBD1_Proyecto2_DataModeler</ownerDesignName>
<importedID>2712DBD4-D6FD-40E7-453B-F3C68403E03D</importedID>
<use>0</use>
<logicalDatatype>LOGDT011</logicalDatatype>
<domain>354A5433-0FBE-E4FB-E859-DBA3BE433BE2</domain>
<ownDataTypeParameters>,,</ownDataTypeParameters>
<autoIncrementCycle>false</autoIncrementCycle>
<associations>
<colAssociation fkAssociation="D4B1FA74-7569-E1C7-E07B-A6814B89909D" referredColumn="F43E8FA5-1C7C-51E2-B2E4-3698697552B1"/>
</associations>
</Column>
<Column name="premio" id="7482720C-97EA-6582-0664-20DFCA5EBE35">
<sourceDDLFile>script completo.sql</sourceDDLFile>
<createdBy>angel</createdBy>
<createdTime>2025-05-01 17:09:15 UTC</createdTime>
<ownerDesignName>SBD1_Proyecto2_DataModeler</ownerDesignName>
<importedID>B56B5216-EE2D-E592-F9C3-25582835A1BC</importedID>
<constraintName>chk_monto_positivo_premio</constraintName>
<useDomainConstraints>false</useDomainConstraints>
<use>0</use>
<logicalDatatype>LOGDT019</logicalDatatype>
<domain>B1AD5C2E-4C3D-A289-767D-2B7D8443CAAD</domain>
<checkConstraint>
<implementationDef dbType="Oracle Database 21c" definition="premio &gt; 0"/>
</checkConstraint>
<ownDataTypeParameters>,,</ownDataTypeParameters>
<autoIncrementCycle>false</autoIncrementCycle>
</Column>
<Column name="fecha" id="58650283-E629-E365-B9EF-493E157E2D02">
<sourceDDLFile>script completo.sql</sourceDDLFile>
<createdBy>angel</createdBy>
<createdTime>2025-05-01 17:09:15 UTC</createdTime>
<ownerDesignName>SBD1_Proyecto2_DataModeler</ownerDesignName>
<importedID>DADCCC1C-4BE1-3C78-D590-5DC356F98C11</importedID>
<use>0</use>
<logicalDatatype>LOGDT015</logicalDatatype>
<domain>216C6501-C45C-B146-3E70-4147EBBC26AA</domain>
<ownDataTypeParameters>,,</ownDataTypeParameters>
<autoIncrementCycle>false</autoIncrementCycle>
</Column>
<Column name="created_at" id="9E3524B6-2284-D402-F8DC-713F7F210A3D">
<sourceDDLFile>script completo.sql</sourceDDLFile>
<createdBy>angel</createdBy>
<createdTime>2025-05-01 17:09:15 UTC</createdTime>
<ownerDesignName>SBD1_Proyecto2_DataModeler</ownerDesignName>
<importedID>21F94C72-204F-5F9F-4B6F-66B4477A8949</importedID>
<use>0</use>
<logicalDatatype>LOGDT015</logicalDatatype>
<domain>216C6501-C45C-B146-3E70-4147EBBC26AA</domain>
<defaultValue>SYSTIMESTAMP</defaultValue>
<ownDataTypeParameters>,,</ownDataTypeParameters>
<autoIncrementCycle>false</autoIncrementCycle>
</Column>
<Column name="updated_at" id="DEC12146-4C01-DB20-3BFC-5D2816654858">
<sourceDDLFile>script completo.sql</sourceDDLFile>
<createdBy>angel</createdBy>
<createdTime>2025-05-01 17:09:15 UTC</createdTime>
<ownerDesignName>SBD1_Proyecto2_DataModeler</ownerDesignName>
<importedID>9EDB9209-4A65-0DFC-B5D3-9E2D620A9475</importedID>
<use>0</use>
<logicalDatatype>LOGDT015</logicalDatatype>
<domain>216C6501-C45C-B146-3E70-4147EBBC26AA</domain>
<defaultValue>SYSTIMESTAMP</defaultValue>
<ownDataTypeParameters>,,</ownDataTypeParameters>
<autoIncrementCycle>false</autoIncrementCycle>
</Column>
</columns>
<indexes itemClass="oracle.dbtools.crest.model.design.relational.Index">
<ind_PK_UK id="BD1DA192-E661-BDAC-7EBF-FB6BA963FF75" name="PREMIO_PK">
<sourceDDLFile>script completo.sql</sourceDDLFile>
<createdBy>angel</createdBy>
<createdTime>2025-05-01 17:09:15 UTC</createdTime>
<ownerDesignName>SBD1_Proyecto2_DataModeler</ownerDesignName>
<importedID>CEC59C37-A64E-8EDD-5EAA-D52AA99E0BDF</importedID>
<pk>true</pk>
<indexState>Primary Constraint</indexState>
<isSurrogateKey>false</isSurrogateKey>
<indexColumnUsage>
<colUsage columnID="7FAE5DCF-7FCB-57C3-4108-F739FBF197D7"/>
</indexColumnUsage>
</ind_PK_UK>
<ind_PK_UK id="00A76B52-038B-ACA1-4E67-089A67A7337D" name="fk_id_cliente_premio">
<createdBy>angel</createdBy>
<createdTime>2025-05-01 17:09:15 UTC</createdTime>
<ownerDesignName>SBD1_Proyecto2_DataModeler</ownerDesignName>
<indexState>Foreign Key</indexState>
<isSurrogateKey>false</isSurrogateKey>
<indexColumnUsage>
<colUsage columnID="85FB04DA-A1EA-D459-6DCD-CBC41869EAB9"/>
</indexColumnUsage>
</ind_PK_UK>
<ind_PK_UK id="2E73DBCD-282A-6545-9CE6-A9FCA6085692" name="fk_id_tarjeta_premio">
<createdBy>angel</createdBy>
<createdTime>2025-05-01 17:09:15 UTC</createdTime>
<ownerDesignName>SBD1_Proyecto2_DataModeler</ownerDesignName>
<indexState>Foreign Key</indexState>
<isSurrogateKey>false</isSurrogateKey>
<indexColumnUsage>
<colUsage columnID="9212CD40-4E5B-C92D-D579-029A258EBE87"/>
</indexColumnUsage>
</ind_PK_UK>
</indexes>
</Table>