<?xml version = '1.0' encoding = 'UTF-8'?>
<Entity class="oracle.dbtools.crest.model.design.logical.Entity" directorySegmentName="seg_0" id="193B10A7-8A4A-C4B9-F423-38390ECC8CBE" name="EMPRESA REMESA">
<createdBy>angel</createdBy>
<createdTime>2025-05-01 17:18:29 UTC</createdTime>
<generatorID>8838DAAA-9847-76AE-7133-BE2A112EFFD3</generatorID>
<ownerDesignName>SBD1_Proyecto2_DataModeler</ownerDesignName>
<engineerTo>
<item key="9BD6B8B6-3CE3-B48E-BB60-52C30DC395C5" value="true"/>
</engineerTo>
<adequatelyNormalized>NO</adequatelyNormalized>
<expectedVolumes>0</expectedVolumes>
<fwdEngineeringStrategyName>Single Table</fwdEngineeringStrategyName>
<growthPercent>0</growthPercent>
<growthType>Year</growthType>
<maxVolumes>9999999</maxVolumes>
<minVolumes>0</minVolumes>
<normalForm>Third</normalForm>
<attributes itemClass="oracle.dbtools.crest.model.design.logical.Attribute">
<Attribute name="id empresa remesa" id="EB0AD104-8601-EAC4-F5DE-E90C4EC3BADD">
<createdBy>angel</createdBy>
<createdTime>2025-05-01 17:18:29 UTC</createdTime>
<generatorID>D56F91FE-B9EB-F2F3-0B69-82E6AB0A1E9F</generatorID>
<ownerDesignName>SBD1_Proyecto2_DataModeler</ownerDesignName>
<engineerTo>
<item key="9BD6B8B6-3CE3-B48E-BB60-52C30DC395C5" value="true"/>
</engineerTo>
<use>0</use>
<logicalDatatype>LOGDT011</logicalDatatype>
<domain>354A5433-0FBE-E4FB-E859-DBA3BE433BE2</domain>
<ownDataTypeParameters>,,</ownDataTypeParameters>
</Attribute>
<Attribute name="nombre" id="6080A191-38FF-D1C1-610E-E6CE19074385">
<createdBy>angel</createdBy>
<createdTime>2025-05-01 17:18:29 UTC</createdTime>
<generatorID>4110695F-F818-2AD3-E542-305B6F095AF5</generatorID>
<ownerDesignName>SBD1_Proyecto2_DataModeler</ownerDesignName>
<engineerTo>
<item key="9BD6B8B6-3CE3-B48E-BB60-52C30DC395C5" value="true"/>
</engineerTo>
<use>0</use>
<logicalDatatype>LOGDT024</logicalDatatype>
<domain>97227357-CD27-501F-37C1-1D9C66C8A7BE</domain>
<ownDataTypeParameters>,,</ownDataTypeParameters>
</Attribute>
<Attribute name="created at" id="FF6DB1FA-017E-485C-0346-9D2AC37B93CA">
<createdBy>angel</createdBy>
<createdTime>2025-05-01 17:18:29 UTC</createdTime>
<generatorID>82833F71-9D20-73D6-9A71-BA266FC9313F</generatorID>
<ownerDesignName>SBD1_Proyecto2_DataModeler</ownerDesignName>
<engineerTo>
<item key="9BD6B8B6-3CE3-B48E-BB60-52C30DC395C5" value="true"/>
</engineerTo>
<use>0</use>
<logicalDatatype>LOGDT015</logicalDatatype>
<domain>216C6501-C45C-B146-3E70-4147EBBC26AA</domain>
<defaultValue>SYSTIMESTAMP</defaultValue>
<ownDataTypeParameters>,,</ownDataTypeParameters>
</Attribute>
<Attribute name="updated at" id="FDF1252F-96D4-8E7F-D9BE-70194F4BAC8C">
<createdBy>angel</createdBy>
<createdTime>2025-05-01 17:18:29 UTC</createdTime>
<generatorID>7DA03B9C-6830-7A8B-DD66-3BA941E9D918</generatorID>
<ownerDesignName>SBD1_Proyecto2_DataModeler</ownerDesignName>
<engineerTo>
<item key="9BD6B8B6-3CE3-B48E-BB60-52C30DC395C5" value="true"/>
</engineerTo>
<use>0</use>
<logicalDatatype>LOGDT015</logicalDatatype>
<domain>216C6501-C45C-B146-3E70-4147EBBC26AA</domain>
<defaultValue>SYSTIMESTAMP</defaultValue>
<ownDataTypeParameters>,,</ownDataTypeParameters>
</Attribute>
</attributes>
<identifiers itemClass="oracle.dbtools.crest.model.design.logical.CandidateKey">
<identifier id="EF12AFE4-AEE7-4F3E-AC60-7C6DE2E9189E" name="EMPRESA REMESA PK">
<createdBy>angel</createdBy>
<createdTime>2025-05-01 17:18:29 UTC</createdTime>
<generatorID>53A00B85-8994-6DC9-D523-182CD1A4D25B</generatorID>
<ownerDesignName>SBD1_Proyecto2_DataModeler</ownerDesignName>
<engineerTo>
<item key="9BD6B8B6-3CE3-B48E-BB60-52C30DC395C5" value="true"/>
</engineerTo>
<pk>true</pk>
<usedAttributes>
<attributeRef>EB0AD104-8601-EAC4-F5DE-E90C4EC3BADD</attributeRef>
</usedAttributes>
</identifier>
<identifier id="02BBB06C-338F-DEDA-A364-057AF106971C" name="INDEX 1v1">
<createdBy>angel</createdBy>
<createdTime>2025-05-01 17:18:29 UTC</createdTime>
<generatorID>585C48FD-1C65-23C0-32C7-57BCCB3393E1</generatorID>
<ownerDesignName>SBD1_Proyecto2_DataModeler</ownerDesignName>
<engineerTo>
<item key="9BD6B8B6-3CE3-B48E-BB60-52C30DC395C5" value="true"/>
</engineerTo>
<usedAttributes>
<attributeRef>6080A191-38FF-D1C1-610E-E6CE19074385</attributeRef>
</usedAttributes>
</identifier>
</identifiers>
</Entity>
