<?xml version = '1.0' encoding = 'UTF-8'?>
<Entity class="oracle.dbtools.crest.model.design.logical.Entity" directorySegmentName="seg_0" id="BB8FA278-A28A-B11F-E15A-657D8809774C" name="TARJETA">
<createdBy>angel</createdBy>
<createdTime>2025-05-01 17:18:29 UTC</createdTime>
<generatorID>F3EE6FD8-B896-A765-B599-FDDDCE898033</generatorID>
<ownerDesignName>SBD1_Proyecto2_DataModeler</ownerDesignName>
<engineerTo>
<item key="9BD6B8B6-3CE3-B48E-BB60-52C30DC395C5" value="true"/>
</engineerTo>
<adequatelyNormalized>NO</adequatelyNormalized>
<expectedVolumes>0</expectedVolumes>
<fwdEngineeringStrategyName>Single Table</fwdEngineeringStrategyName>
<growthPercent>0</growthPercent>
<growthType>Year</growthType>
<maxVolumes>9999999</maxVolumes>
<minVolumes>0</minVolumes>
<normalForm>Third</normalForm>
<attributes itemClass="oracle.dbtools.crest.model.design.logical.Attribute">
<Attribute name="id tarjeta" id="6932D8FB-55A4-1724-4BC5-79EAA13DE20E">
<createdBy>angel</createdBy>
<createdTime>2025-05-01 17:18:29 UTC</createdTime>
<generatorID>F43E8FA5-1C7C-51E2-B2E4-3698697552B1</generatorID>
<ownerDesignName>SBD1_Proyecto2_DataModeler</ownerDesignName>
<engineerTo>
<item key="9BD6B8B6-3CE3-B48E-BB60-52C30DC395C5" value="true"/>
</engineerTo>
<use>0</use>
<logicalDatatype>LOGDT011</logicalDatatype>
<domain>354A5433-0FBE-E4FB-E859-DBA3BE433BE2</domain>
<ownDataTypeParameters>,,</ownDataTypeParameters>
</Attribute>
<Attribute name="id cliente" id="EB488351-5747-1669-D978-8B3D0DD0FFB5">
<createdBy>angel</createdBy>
<createdTime>2025-05-01 17:18:29 UTC</createdTime>
<generatorID>02085895-439C-8020-AFB1-2D336F8F1D02</generatorID>
<ownerDesignName>SBD1_Proyecto2_DataModeler</ownerDesignName>
<engineerTo>
<item key="9BD6B8B6-3CE3-B48E-BB60-52C30DC395C5" value="true"/>
</engineerTo>
<referedAttribute>BEE67C5D-1331-3763-784C-14F06D7F4969</referedAttribute>
<use>0</use>
<logicalDatatype>LOGDT011</logicalDatatype>
<domain>354A5433-0FBE-E4FB-E859-DBA3BE433BE2</domain>
<ownDataTypeParameters>,,</ownDataTypeParameters>
</Attribute>
<Attribute name="id cuenta" id="CA4FEB76-50D6-275E-8F7E-265FDE2977E1">
<createdBy>angel</createdBy>
<createdTime>2025-05-01 17:18:29 UTC</createdTime>
<generatorID>27ADEDD4-9569-89F4-A4E8-4EF4F3B073B9</generatorID>
<ownerDesignName>SBD1_Proyecto2_DataModeler</ownerDesignName>
<engineerTo>
<item key="9BD6B8B6-3CE3-B48E-BB60-52C30DC395C5" value="true"/>
</engineerTo>
<nullsAllowed>true</nullsAllowed>
<referedAttribute>EAFF51F6-2C4F-D1B3-529C-E0B60B0BA46F</referedAttribute>
<use>0</use>
<logicalDatatype>LOGDT011</logicalDatatype>
<domain>354A5433-0FBE-E4FB-E859-DBA3BE433BE2</domain>
<ownDataTypeParameters>,,</ownDataTypeParameters>
</Attribute>
<Attribute name="id tipo tarjeta" id="C29F5C5F-52CA-9044-1AD4-DD066271C38A">
<createdBy>angel</createdBy>
<createdTime>2025-05-01 17:18:29 UTC</createdTime>
<generatorID>6D574C0C-7FD5-E201-6332-16DD4E4E8160</generatorID>
<ownerDesignName>SBD1_Proyecto2_DataModeler</ownerDesignName>
<engineerTo>
<item key="9BD6B8B6-3CE3-B48E-BB60-52C30DC395C5" value="true"/>
</engineerTo>
<referedAttribute>D583B5A9-2277-977D-3D11-628F0F675463</referedAttribute>
<use>0</use>
<logicalDatatype>LOGDT011</logicalDatatype>
<domain>354A5433-0FBE-E4FB-E859-DBA3BE433BE2</domain>
<ownDataTypeParameters>,,</ownDataTypeParameters>
</Attribute>
<Attribute name="id tipo" id="5FB7C14F-AA11-76ED-ED04-1F942857D14B">
<createdBy>angel</createdBy>
<createdTime>2025-05-01 17:18:29 UTC</createdTime>
<generatorID>E213A86B-6D56-CE53-A084-A5BFDD63EF90</generatorID>
<ownerDesignName>SBD1_Proyecto2_DataModeler</ownerDesignName>
<engineerTo>
<item key="9BD6B8B6-3CE3-B48E-BB60-52C30DC395C5" value="true"/>
</engineerTo>
<constraintName>chk_tipo_tarjeta_t</constraintName>
<useDomainConstraints>false</useDomainConstraints>
<use>0</use>
<logicalDatatype>LOGDT024</logicalDatatype>
<domain>B6FE46FB-E94A-CC10-ED4B-13C8D59625C9</domain>
<listOfValues>
<valueDef value="C" description=""/>
<valueDef value="D" description=""/>
</listOfValues>
<ownDataTypeParameters>,,</ownDataTypeParameters>
</Attribute>
<Attribute name="numero tarjeta" id="1BB92A0C-334B-CD97-C14A-57C5B7CE1D08">
<createdBy>angel</createdBy>
<createdTime>2025-05-01 17:18:29 UTC</createdTime>
<generatorID>B0DEA130-5DCE-892E-06B9-4E583665F586</generatorID>
<ownerDesignName>SBD1_Proyecto2_DataModeler</ownerDesignName>
<engineerTo>
<item key="9BD6B8B6-3CE3-B48E-BB60-52C30DC395C5" value="true"/>
</engineerTo>
<use>0</use>
<logicalDatatype>LOGDT019</logicalDatatype>
<domain>6B8C56C6-AB35-2D4D-EC6A-8D346536A1A0</domain>
<ownDataTypeParameters>,,</ownDataTypeParameters>
</Attribute>
<Attribute name="moneda" id="8ADEC4A6-761B-CAC9-0A0A-B99BBA3A34CF">
<createdBy>angel</createdBy>
<createdTime>2025-05-01 17:18:29 UTC</createdTime>
<generatorID>0FBE7A6D-4470-9512-84F4-729927C2F0B0</generatorID>
<ownerDesignName>SBD1_Proyecto2_DataModeler</ownerDesignName>
<engineerTo>
<item key="9BD6B8B6-3CE3-B48E-BB60-52C30DC395C5" value="true"/>
</engineerTo>
<constraintName>chk_moneda_tarjeta_t</constraintName>
<useDomainConstraints>false</useDomainConstraints>
<use>0</use>
<logicalDatatype>LOGDT024</logicalDatatype>
<domain>B6FE46FB-E94A-CC10-ED4B-13C8D59625C9</domain>
<listOfValues>
<valueDef value="$" description=""/>
<valueDef value="Q" description=""/>
</listOfValues>
<ownDataTypeParameters>,,</ownDataTypeParameters>
</Attribute>
<Attribute name="monto limite" id="B919D907-446A-3E5F-F05C-22DD562A2C3D">
<createdBy>angel</createdBy>
<createdTime>2025-05-01 17:18:29 UTC</createdTime>
<generatorID>2F4A7307-1822-CA36-A311-DFB30C275682</generatorID>
<ownerDesignName>SBD1_Proyecto2_DataModeler</ownerDesignName>
<engineerTo>
<item key="9BD6B8B6-3CE3-B48E-BB60-52C30DC395C5" value="true"/>
</engineerTo>
<constraintName>chk_monto_positivo_tarjeta</constraintName>
<useDomainConstraints>false</useDomainConstraints>
<use>0</use>
<logicalDatatype>LOGDT019</logicalDatatype>
<domain>B1AD5C2E-4C3D-A289-767D-2B7D8443CAAD</domain>
<checkConstraint>
<implementationDef dbType="Oracle Database 21c" definition="monto_limite &gt; 0"/>
</checkConstraint>
<ownDataTypeParameters>,,</ownDataTypeParameters>
</Attribute>
<Attribute name="saldo tarjeta" id="AD792D43-B976-0183-A100-5759D753E7EB">
<createdBy>angel</createdBy>
<createdTime>2025-05-01 17:18:29 UTC</createdTime>
<generatorID>E4A5A05B-EE1C-49A9-E737-821FCDA6FA1C</generatorID>
<ownerDesignName>SBD1_Proyecto2_DataModeler</ownerDesignName>
<engineerTo>
<item key="9BD6B8B6-3CE3-B48E-BB60-52C30DC395C5" value="true"/>
</engineerTo>
<constraintName>chk_saldo_no_negativo_tarjeta</constraintName>
<useDomainConstraints>false</useDomainConstraints>
<use>0</use>
<logicalDatatype>LOGDT019</logicalDatatype>
<domain>B1AD5C2E-4C3D-A289-767D-2B7D8443CAAD</domain>
<checkConstraint>
<implementationDef dbType="Oracle Database 21c" definition="saldo_tarjeta &gt;= 0"/>
</checkConstraint>
<ownDataTypeParameters>,,</ownDataTypeParameters>
</Attribute>
<Attribute name="dia corte" id="03648FFF-142B-2721-3363-1C9B829D3F50">
<createdBy>angel</createdBy>
<createdTime>2025-05-01 17:18:29 UTC</createdTime>
<generatorID>5EA79B28-C3D5-FF58-8421-4C1D28A73E5A</generatorID>
<ownerDesignName>SBD1_Proyecto2_DataModeler</ownerDesignName>
<engineerTo>
<item key="9BD6B8B6-3CE3-B48E-BB60-52C30DC395C5" value="true"/>
</engineerTo>
<constraintName>chk_dia_corte_tarjeta</constraintName>
<useDomainConstraints>false</useDomainConstraints>
<use>0</use>
<logicalDatatype>LOGDT011</logicalDatatype>
<domain>354A5433-0FBE-E4FB-E859-DBA3BE433BE2</domain>
<ownDataTypeParameters>,,</ownDataTypeParameters>
<listOfRanges>
<rangeDef class="oracle.dbtools.crest.model.design.constraint.AVT">
<beginValue>1</beginValue>
<endValue>31</endValue>
</rangeDef>
</listOfRanges>
</Attribute>
<Attribute name="dia pago" id="2A0EAAAB-1159-DEAB-D535-5F066B461379">
<createdBy>angel</createdBy>
<createdTime>2025-05-01 17:18:29 UTC</createdTime>
<generatorID>AE6CCECD-5980-522D-4EC0-3BF16D47E9A1</generatorID>
<ownerDesignName>SBD1_Proyecto2_DataModeler</ownerDesignName>
<engineerTo>
<item key="9BD6B8B6-3CE3-B48E-BB60-52C30DC395C5" value="true"/>
</engineerTo>
<constraintName>chk_dia_pago_tarjeta</constraintName>
<useDomainConstraints>false</useDomainConstraints>
<use>0</use>
<logicalDatatype>LOGDT011</logicalDatatype>
<domain>354A5433-0FBE-E4FB-E859-DBA3BE433BE2</domain>
<ownDataTypeParameters>,,</ownDataTypeParameters>
<listOfRanges>
<rangeDef class="oracle.dbtools.crest.model.design.constraint.AVT">
<beginValue>1</beginValue>
<endValue>31</endValue>
</rangeDef>
</listOfRanges>
</Attribute>
<Attribute name="tasa interes" id="FC29EE6C-EE95-C6E0-7F96-EA41EF729567">
<createdBy>angel</createdBy>
<createdTime>2025-05-01 17:18:29 UTC</createdTime>
<generatorID>E7448F80-9902-FBD2-4DC1-1AF13EA95579</generatorID>
<ownerDesignName>SBD1_Proyecto2_DataModeler</ownerDesignName>
<engineerTo>
<item key="9BD6B8B6-3CE3-B48E-BB60-52C30DC395C5" value="true"/>
</engineerTo>
<constraintName>chk_tasa_interes_tarjeta</constraintName>
<useDomainConstraints>false</useDomainConstraints>
<use>0</use>
<logicalDatatype>LOGDT011</logicalDatatype>
<domain>354A5433-0FBE-E4FB-E859-DBA3BE433BE2</domain>
<ownDataTypeParameters>,,</ownDataTypeParameters>
<listOfRanges>
<rangeDef class="oracle.dbtools.crest.model.design.constraint.AVT">
<beginValue>0</beginValue>
<endValue>100</endValue>
</rangeDef>
</listOfRanges>
</Attribute>
<Attribute name="fecha vencimiento" id="CBBB7810-84E3-EA55-2E7A-47F12B687615">
<createdBy>angel</createdBy>
<createdTime>2025-05-01 17:18:29 UTC</createdTime>
<generatorID>B47A4A4E-7ADE-741C-A217-A552D9E987DF</generatorID>
<ownerDesignName>SBD1_Proyecto2_DataModeler</ownerDesignName>
<engineerTo>
<item key="9BD6B8B6-3CE3-B48E-BB60-52C30DC395C5" value="true"/>
</engineerTo>
<use>0</use>
<logicalDatatype>LOGDT007</logicalDatatype>
<domain>4FDEB62A-8200-0FD7-9EB1-E3EE13652924</domain>
<ownDataTypeParameters>,,</ownDataTypeParameters>
</Attribute>
<Attribute name="created at" id="438ACE5C-7D7C-1224-E384-3EAD6BE815DB">
<createdBy>angel</createdBy>
<createdTime>2025-05-01 17:18:29 UTC</createdTime>
<generatorID>07848DB6-1AA7-CF91-B474-5C680706A1C2</generatorID>
<ownerDesignName>SBD1_Proyecto2_DataModeler</ownerDesignName>
<engineerTo>
<item key="9BD6B8B6-3CE3-B48E-BB60-52C30DC395C5" value="true"/>
</engineerTo>
<use>0</use>
<logicalDatatype>LOGDT015</logicalDatatype>
<domain>216C6501-C45C-B146-3E70-4147EBBC26AA</domain>
<defaultValue>SYSTIMESTAMP</defaultValue>
<ownDataTypeParameters>,,</ownDataTypeParameters>
</Attribute>
<Attribute name="updated at" id="7ECC0295-CE95-BA67-4AA6-BC0389E1D574">
<createdBy>angel</createdBy>
<createdTime>2025-05-01 17:18:29 UTC</createdTime>
<generatorID>EF1F1C11-FE9C-3720-CCC5-65E5546E30AC</generatorID>
<ownerDesignName>SBD1_Proyecto2_DataModeler</ownerDesignName>
<engineerTo>
<item key="9BD6B8B6-3CE3-B48E-BB60-52C30DC395C5" value="true"/>
</engineerTo>
<use>0</use>
<logicalDatatype>LOGDT015</logicalDatatype>
<domain>216C6501-C45C-B146-3E70-4147EBBC26AA</domain>
<defaultValue>SYSTIMESTAMP</defaultValue>
<ownDataTypeParameters>,,</ownDataTypeParameters>
</Attribute>
<Attribute name="fecha ultimo interes" id="FE32D020-36D9-154F-74C2-E1A828B233C9">
<createdBy>angel</createdBy>
<createdTime>2025-05-01 17:18:29 UTC</createdTime>
<generatorID>22253142-54B0-3BB7-3C97-91382BDEE9E0</generatorID>
<ownerDesignName>SBD1_Proyecto2_DataModeler</ownerDesignName>
<engineerTo>
<item key="9BD6B8B6-3CE3-B48E-BB60-52C30DC395C5" value="true"/>
</engineerTo>
<nullsAllowed>true</nullsAllowed>
<use>0</use>
<logicalDatatype>LOGDT007</logicalDatatype>
<domain>4FDEB62A-8200-0FD7-9EB1-E3EE13652924</domain>
<ownDataTypeParameters>,,</ownDataTypeParameters>
</Attribute>
</attributes>
<identifiers itemClass="oracle.dbtools.crest.model.design.logical.CandidateKey">
<identifier id="11C82272-B490-6D81-A1D0-B3740DBC36B6" name="TARJETA PK">
<createdBy>angel</createdBy>
<createdTime>2025-05-01 17:18:29 UTC</createdTime>
<generatorID>DC9FC9BF-A33A-BFFB-2AF2-C627C1A0D2F1</generatorID>
<ownerDesignName>SBD1_Proyecto2_DataModeler</ownerDesignName>
<engineerTo>
<item key="9BD6B8B6-3CE3-B48E-BB60-52C30DC395C5" value="true"/>
</engineerTo>
<pk>true</pk>
<usedAttributes>
<attributeRef>6932D8FB-55A4-1724-4BC5-79EAA13DE20E</attributeRef>
</usedAttributes>
</identifier>
<identifier id="D0C0D4E1-3DE7-9D47-EDBC-9FE83035ECBC" name="INDEX 1v2">
<createdBy>angel</createdBy>
<createdTime>2025-05-01 17:18:29 UTC</createdTime>
<generatorID>00AD50C8-0767-8936-EAA7-196762316052</generatorID>
<ownerDesignName>SBD1_Proyecto2_DataModeler</ownerDesignName>
<engineerTo>
<item key="9BD6B8B6-3CE3-B48E-BB60-52C30DC395C5" value="true"/>
</engineerTo>
<usedAttributes>
<attributeRef>1BB92A0C-334B-CD97-C14A-57C5B7CE1D08</attributeRef>
</usedAttributes>
</identifier>
</identifiers>
</Entity>
