<?xml version = '1.0' encoding = 'UTF-8'?>
<FKIndexAssociation class="oracle.dbtools.crest.model.design.relational.FKIndexAssociation" directorySegmentName="seg_0" id="04234AF5-1128-F499-EE71-E19D3378D002" containerWithKeyObject="301495B5-8F1A-1427-8F8E-E097512F7722" localFKIndex="50DA092B-D992-3640-F78A-9644CF4D6E76" name="fk_id_pago_tarjeta_pago">
<sourceDDLFile>script completo.sql</sourceDDLFile>
<createdBy>angel</createdBy>
<createdTime>2025-05-01 17:09:15 UTC</createdTime>
<ownerDesignName>SBD1_Proyecto2_DataModeler</ownerDesignName>
<importedID>CE8EE3AA-B9D1-3452-38D9-18F6F596738C</importedID>
<referredTableLongName>TARJETA</referredTableLongName>
<deleteRule>NO ACTION</deleteRule>
<referredTableID>F3EE6FD8-B896-A765-B599-FDDDCE898033</referredTableID>
<keyObject>DC9FC9BF-A33A-BFFB-2AF2-C627C1A0D2F1</keyObject>
<referredKeyID>DC9FC9BF-A33A-BFFB-2AF2-C627C1A0D2F1</referredKeyID>
<mandatory>false</mandatory>
<refColNames>id_tarjeta</refColNames>
<transferable>true</transferable>
<rely>false</rely>
<columnDependencyConstraintGenerateInDDL>true</columnDependencyConstraintGenerateInDDL>
</FKIndexAssociation>