<?xml version = '1.0' encoding = 'UTF-8'?>
<FKIndexAssociation class="oracle.dbtools.crest.model.design.relational.FKIndexAssociation" directorySegmentName="seg_0" id="0B33352E-7D7E-C4D3-B771-96978207EB83" containerWithKeyObject="F5BF668E-618F-DCF4-434D-E769DFE09075" localFKIndex="00A76B52-038B-ACA1-4E67-089A67A7337D" name="fk_id_cliente_premio">
<sourceDDLFile>script completo.sql</sourceDDLFile>
<createdBy>angel</createdBy>
<createdTime>2025-05-01 17:09:15 UTC</createdTime>
<ownerDesignName>SBD1_Proyecto2_DataModeler</ownerDesignName>
<importedID>53CF42D3-EE2D-C9B6-799D-2819A7420F15</importedID>
<referredTableLongName>CLIENTE</referredTableLongName>
<deleteRule>NO ACTION</deleteRule>
<referredTableID>CC30FAEC-8C5D-4730-45DB-06F2DF7936E8</referredTableID>
<keyObject>3175DA2A-A69A-7164-2C8E-0A73B54F85A3</keyObject>
<referredKeyID>3175DA2A-A69A-7164-2C8E-0A73B54F85A3</referredKeyID>
<mandatory>true</mandatory>
<refColNames>id_cliente</refColNames>
<transferable>true</transferable>
<rely>false</rely>
<columnDependencyConstraintGenerateInDDL>true</columnDependencyConstraintGenerateInDDL>
</FKIndexAssociation>