<?xml version = '1.0' encoding = 'UTF-8'?>
<FKIndexAssociation class="oracle.dbtools.crest.model.design.relational.FKIndexAssociation" directorySegmentName="seg_0" id="175FE216-EC7B-DCD2-BC1B-32958D6B06F5" containerWithKeyObject="6766E9DA-E9D7-0AC8-8009-2BAF02A68E9E" localFKIndex="93D658A3-621B-49C4-C6D6-4A7CD34B4F29" name="fk_tipo_cuenta">
<sourceDDLFile>script completo.sql</sourceDDLFile>
<createdBy>angel</createdBy>
<createdTime>2025-05-01 17:09:15 UTC</createdTime>
<ownerDesignName>SBD1_Proyecto2_DataModeler</ownerDesignName>
<importedID>1F63EBB1-D7C2-D299-BFD7-3EAFDA24E410</importedID>
<referredTableLongName>TIPO_CUENTA</referredTableLongName>
<deleteRule>NO ACTION</deleteRule>
<referredTableID>3F8B64F1-8EF0-AFE1-97C7-8974B7F7B586</referredTableID>
<keyObject>122258E8-2ECD-1DFE-3E03-3C560C755029</keyObject>
<referredKeyID>122258E8-2ECD-1DFE-3E03-3C560C755029</referredKeyID>
<mandatory>true</mandatory>
<refColNames>id_tipo_cuenta</refColNames>
<transferable>true</transferable>
<rely>false</rely>
<columnDependencyConstraintGenerateInDDL>true</columnDependencyConstraintGenerateInDDL>
</FKIndexAssociation>