<?xml version = '1.0' encoding = 'UTF-8'?>
<FKIndexAssociation class="oracle.dbtools.crest.model.design.relational.FKIndexAssociation" directorySegmentName="seg_0" id="29DDC05A-FD67-5DBF-7501-40EF08C511EA" containerWithKeyObject="F4B4CB0C-17F2-61B5-A02A-BD521473BAC1" localFKIndex="FBD7C6D0-F28D-A0A9-0293-9C6DF4A64DB1" name="fk_id_tipo_transaccion_transaccion">
<sourceDDLFile>script completo.sql</sourceDDLFile>
<createdBy>angel</createdBy>
<createdTime>2025-05-01 17:09:15 UTC</createdTime>
<ownerDesignName>SBD1_Proyecto2_DataModeler</ownerDesignName>
<importedID>E8539515-5F60-FBED-C521-44EEA8E527D8</importedID>
<referredTableLongName>TIPO_TRANSACCION</referredTableLongName>
<deleteRule>NO ACTION</deleteRule>
<referredTableID>718D4D31-FDB9-83FD-5F90-95F757F0AF07</referredTableID>
<keyObject>CFA9C1B6-98C5-3F39-ED3A-5C390A1CD69C</keyObject>
<referredKeyID>CFA9C1B6-98C5-3F39-ED3A-5C390A1CD69C</referredKeyID>
<mandatory>true</mandatory>
<refColNames>id_tipo_transaccion</refColNames>
<transferable>true</transferable>
<rely>false</rely>
<columnDependencyConstraintGenerateInDDL>true</columnDependencyConstraintGenerateInDDL>
</FKIndexAssociation>