<?xml version = '1.0' encoding = 'UTF-8'?>
<FKIndexAssociation class="oracle.dbtools.crest.model.design.relational.FKIndexAssociation" directorySegmentName="seg_0" id="34C38E35-9578-E28B-4180-8CF356C6DA62" containerWithKeyObject="F3EE6FD8-B896-A765-B599-FDDDCE898033" localFKIndex="C650D259-43FC-4510-2F46-8E5B0024424C" name="fk_id_cliente_tarjeta">
<sourceDDLFile>script completo.sql</sourceDDLFile>
<createdBy>angel</createdBy>
<createdTime>2025-05-01 17:09:15 UTC</createdTime>
<ownerDesignName>SBD1_Proyecto2_DataModeler</ownerDesignName>
<importedID>7F42D7F7-0E34-36EC-0BD7-AFC079799B77</importedID>
<referredTableLongName>CLIENTE</referredTableLongName>
<deleteRule>NO ACTION</deleteRule>
<referredTableID>CC30FAEC-8C5D-4730-45DB-06F2DF7936E8</referredTableID>
<keyObject>3175DA2A-A69A-7164-2C8E-0A73B54F85A3</keyObject>
<referredKeyID>3175DA2A-A69A-7164-2C8E-0A73B54F85A3</referredKeyID>
<mandatory>true</mandatory>
<refColNames>id_cliente</refColNames>
<transferable>true</transferable>
<rely>false</rely>
<columnDependencyConstraintGenerateInDDL>true</columnDependencyConstraintGenerateInDDL>
</FKIndexAssociation>