<?xml version = '1.0' encoding = 'UTF-8'?>
<FKIndexAssociation class="oracle.dbtools.crest.model.design.relational.FKIndexAssociation" directorySegmentName="seg_0" id="35E38CC4-9722-2951-0226-9B6A67EFFBEC" containerWithKeyObject="F4B4CB0C-17F2-61B5-A02A-BD521473BAC1" localFKIndex="5F98A48E-9E84-0385-9393-A3DBE2F45CFB" name="fk_id_cuenta_transaccion">
<sourceDDLFile>script completo.sql</sourceDDLFile>
<createdBy>angel</createdBy>
<createdTime>2025-05-01 17:09:15 UTC</createdTime>
<ownerDesignName>SBD1_Proyecto2_DataModeler</ownerDesignName>
<importedID>BCFA36C8-CC7A-94BA-D9F9-631FB557994F</importedID>
<referredTableLongName>CUENTA</referredTableLongName>
<deleteRule>NO ACTION</deleteRule>
<referredTableID>6766E9DA-E9D7-0AC8-8009-2BAF02A68E9E</referredTableID>
<keyObject>916A413D-448B-DC3B-E32A-1EC50BEA188F</keyObject>
<referredKeyID>916A413D-448B-DC3B-E32A-1EC50BEA188F</referredKeyID>
<mandatory>false</mandatory>
<refColNames>id_cuenta</refColNames>
<transferable>true</transferable>
<rely>false</rely>
<columnDependencyConstraintGenerateInDDL>true</columnDependencyConstraintGenerateInDDL>
</FKIndexAssociation>