<?xml version = '1.0' encoding = 'UTF-8'?>
<FKIndexAssociation class="oracle.dbtools.crest.model.design.relational.FKIndexAssociation" directorySegmentName="seg_0" id="3CE9E024-726F-4B99-81FB-E905F99685C0" containerWithKeyObject="F4B4CB0C-17F2-61B5-A02A-BD521473BAC1" localFKIndex="DCC5E10E-7DD0-1AA0-1B58-4E8AA0D47C8F" name="fk_id_tarjeta_transaccion">
<sourceDDLFile>script completo.sql</sourceDDLFile>
<createdBy>angel</createdBy>
<createdTime>2025-05-01 17:09:15 UTC</createdTime>
<ownerDesignName>SBD1_Proyecto2_DataModeler</ownerDesignName>
<importedID>0687A2E2-6F7B-E1E5-2036-B04EF4879F25</importedID>
<referredTableLongName>TARJETA</referredTableLongName>
<deleteRule>NO ACTION</deleteRule>
<referredTableID>F3EE6FD8-B896-A765-B599-FDDDCE898033</referredTableID>
<keyObject>DC9FC9BF-A33A-BFFB-2AF2-C627C1A0D2F1</keyObject>
<referredKeyID>DC9FC9BF-A33A-BFFB-2AF2-C627C1A0D2F1</referredKeyID>
<mandatory>false</mandatory>
<refColNames>id_tarjeta</refColNames>
<transferable>true</transferable>
<rely>false</rely>
<columnDependencyConstraintGenerateInDDL>true</columnDependencyConstraintGenerateInDDL>
</FKIndexAssociation>