<?xml version = '1.0' encoding = 'UTF-8'?>
<FKIndexAssociation class="oracle.dbtools.crest.model.design.relational.FKIndexAssociation" directorySegmentName="seg_0" id="3FD10619-8744-1EC6-B81C-5FEA81810F1A" containerWithKeyObject="B4AD8E71-B905-33DC-35E3-BF583C1F7851" localFKIndex="CBDD155B-318D-6AE4-CDF7-FDB0FDD35EDA" name="fk_id_tipo_seguro_seguro">
<sourceDDLFile>script completo.sql</sourceDDLFile>
<createdBy>angel</createdBy>
<createdTime>2025-05-01 17:09:15 UTC</createdTime>
<ownerDesignName>SBD1_Proyecto2_DataModeler</ownerDesignName>
<importedID>21AB4860-0C04-48DF-D700-5CD3A3FC52A9</importedID>
<referredTableLongName>TIPO_SEGURO</referredTableLongName>
<deleteRule>NO ACTION</deleteRule>
<referredTableID>02CE2CB0-18F7-6AEA-5C46-1CE49089D14C</referredTableID>
<keyObject>BD36B674-A13A-2A2D-3D5D-67C794531BB9</keyObject>
<referredKeyID>BD36B674-A13A-2A2D-3D5D-67C794531BB9</referredKeyID>
<mandatory>true</mandatory>
<refColNames>id_tipo_seguro</refColNames>
<transferable>true</transferable>
<rely>false</rely>
<columnDependencyConstraintGenerateInDDL>true</columnDependencyConstraintGenerateInDDL>
</FKIndexAssociation>