<?xml version = '1.0' encoding = 'UTF-8'?>
<FKIndexAssociation class="oracle.dbtools.crest.model.design.relational.FKIndexAssociation" directorySegmentName="seg_0" id="4B15880E-B49F-FB29-C3EE-2727CCD01A35" containerWithKeyObject="F3EE6FD8-B896-A765-B599-FDDDCE898033" localFKIndex="73FE725D-2789-5D3D-46D5-8CDE4A80E34A" name="fk_id_tipo_tarjeta_tarjeta">
<sourceDDLFile>script completo.sql</sourceDDLFile>
<createdBy>angel</createdBy>
<createdTime>2025-05-01 17:09:15 UTC</createdTime>
<ownerDesignName>SBD1_Proyecto2_DataModeler</ownerDesignName>
<importedID>CF9E026B-9264-345C-3E8E-C70DDB8BE9B1</importedID>
<referredTableLongName>TIPO_TARJETA</referredTableLongName>
<deleteRule>NO ACTION</deleteRule>
<referredTableID>E1061FA7-1FE3-CC41-114E-13F5AFC0E17B</referredTableID>
<keyObject>D9539BE5-5BBE-A1AA-6D07-F644F7DFB2FB</keyObject>
<referredKeyID>D9539BE5-5BBE-A1AA-6D07-F644F7DFB2FB</referredKeyID>
<mandatory>true</mandatory>
<refColNames>id_tipo_tarjeta</refColNames>
<transferable>true</transferable>
<rely>false</rely>
<columnDependencyConstraintGenerateInDDL>true</columnDependencyConstraintGenerateInDDL>
</FKIndexAssociation>