<?xml version = '1.0' encoding = 'UTF-8'?>
<FKIndexAssociation class="oracle.dbtools.crest.model.design.relational.FKIndexAssociation" directorySegmentName="seg_0" id="4BD0BA9A-D5F2-5399-3339-06BDBC128029" containerWithKeyObject="646F4572-6598-2C89-92D5-4DD7E512BD5B" localFKIndex="C8758624-C17B-0264-FA0C-268ED53CEFC8" name="fk_id_empresa_remesa">
<sourceDDLFile>script completo.sql</sourceDDLFile>
<createdBy>angel</createdBy>
<createdTime>2025-05-01 17:09:15 UTC</createdTime>
<ownerDesignName>SBD1_Proyecto2_DataModeler</ownerDesignName>
<importedID>7048FD0E-F1D7-D287-8BFF-2ABA6300562A</importedID>
<referredTableLongName>EMPRESA_REMESA</referredTableLongName>
<deleteRule>NO ACTION</deleteRule>
<referredTableID>8838DAAA-9847-76AE-7133-BE2A112EFFD3</referredTableID>
<keyObject>53A00B85-8994-6DC9-D523-182CD1A4D25B</keyObject>
<referredKeyID>53A00B85-8994-6DC9-D523-182CD1A4D25B</referredKeyID>
<mandatory>true</mandatory>
<refColNames>id_empresa_remesa</refColNames>
<transferable>true</transferable>
<rely>false</rely>
<columnDependencyConstraintGenerateInDDL>true</columnDependencyConstraintGenerateInDDL>
</FKIndexAssociation>