<?xml version = '1.0' encoding = 'UTF-8'?>
<FKIndexAssociation class="oracle.dbtools.crest.model.design.relational.FKIndexAssociation" directorySegmentName="seg_0" id="4E50A24E-F4C6-D3EE-55DC-CD2C99B83847" containerWithKeyObject="02F8A637-26D2-FB0D-128C-A2B2A73B28CA" localFKIndex="0163E73C-BEA7-A78E-526F-72243799E8D6" name="fk_movimiento_tarjeta">
<sourceDDLFile>script completo.sql</sourceDDLFile>
<createdBy>angel</createdBy>
<createdTime>2025-05-01 17:09:15 UTC</createdTime>
<ownerDesignName>SBD1_Proyecto2_DataModeler</ownerDesignName>
<importedID>8078B77B-7824-8F05-C80D-DEC31B30A07C</importedID>
<referredTableLongName>TARJETA</referredTableLongName>
<deleteRule>NO ACTION</deleteRule>
<referredTableID>F3EE6FD8-B896-A765-B599-FDDDCE898033</referredTableID>
<keyObject>DC9FC9BF-A33A-BFFB-2AF2-C627C1A0D2F1</keyObject>
<referredKeyID>DC9FC9BF-A33A-BFFB-2AF2-C627C1A0D2F1</referredKeyID>
<mandatory>true</mandatory>
<refColNames>id_tarjeta</refColNames>
<transferable>true</transferable>
<rely>false</rely>
<columnDependencyConstraintGenerateInDDL>true</columnDependencyConstraintGenerateInDDL>
</FKIndexAssociation>