<?xml version = '1.0' encoding = 'UTF-8'?>
<FKIndexAssociation class="oracle.dbtools.crest.model.design.relational.FKIndexAssociation" directorySegmentName="seg_0" id="79480E83-0DE5-5463-A2F6-F7768B508F0C" containerWithKeyObject="301495B5-8F1A-1427-8F8E-E097512F7722" localFKIndex="90D41A03-1ACA-3B2B-B620-364D6B74C6A9" name="fk_id_seguro_pago">
<sourceDDLFile>script completo.sql</sourceDDLFile>
<createdBy>angel</createdBy>
<createdTime>2025-05-01 17:09:15 UTC</createdTime>
<ownerDesignName>SBD1_Proyecto2_DataModeler</ownerDesignName>
<importedID>BE43E1A3-ECD2-8B46-2A8A-D628C519772A</importedID>
<referredTableLongName>SEGURO</referredTableLongName>
<deleteRule>NO ACTION</deleteRule>
<referredTableID>B4AD8E71-B905-33DC-35E3-BF583C1F7851</referredTableID>
<keyObject>191D0317-5101-7718-7C82-3380CD017977</keyObject>
<referredKeyID>191D0317-5101-7718-7C82-3380CD017977</referredKeyID>
<mandatory>false</mandatory>
<refColNames>id_seguro</refColNames>
<transferable>true</transferable>
<rely>false</rely>
<columnDependencyConstraintGenerateInDDL>true</columnDependencyConstraintGenerateInDDL>
</FKIndexAssociation>