<?xml version = '1.0' encoding = 'UTF-8'?>
<FKIndexAssociation class="oracle.dbtools.crest.model.design.relational.FKIndexAssociation" directorySegmentName="seg_0" id="814A4B79-ABB4-BB8E-731D-B7CC43FBE2CA" containerWithKeyObject="646F4572-6598-2C89-92D5-4DD7E512BD5B" localFKIndex="A75C9686-C0A3-114C-0484-9BC60A445052" name="fk_id_cuenta_remesa">
<sourceDDLFile>script completo.sql</sourceDDLFile>
<createdBy>angel</createdBy>
<createdTime>2025-05-01 17:09:15 UTC</createdTime>
<ownerDesignName>SBD1_Proyecto2_DataModeler</ownerDesignName>
<importedID>40DBEB5A-CB84-47A6-19F9-5A415702BEA9</importedID>
<referredTableLongName>CUENTA</referredTableLongName>
<deleteRule>NO ACTION</deleteRule>
<referredTableID>6766E9DA-E9D7-0AC8-8009-2BAF02A68E9E</referredTableID>
<keyObject>916A413D-448B-DC3B-E32A-1EC50BEA188F</keyObject>
<referredKeyID>916A413D-448B-DC3B-E32A-1EC50BEA188F</referredKeyID>
<mandatory>true</mandatory>
<refColNames>id_cuenta</refColNames>
<transferable>true</transferable>
<rely>false</rely>
<columnDependencyConstraintGenerateInDDL>true</columnDependencyConstraintGenerateInDDL>
</FKIndexAssociation>