<?xml version = '1.0' encoding = 'UTF-8'?>
<FKIndexAssociation class="oracle.dbtools.crest.model.design.relational.FKIndexAssociation" directorySegmentName="seg_0" id="8306AFE0-7029-CC5A-98A4-9A76456C59FD" containerWithKeyObject="CC30FAEC-8C5D-4730-45DB-06F2DF7936E8" localFKIndex="2CA985DD-986A-01B2-1242-62407B04473D" name="fk_tipo_cliente">
<sourceDDLFile>script completo.sql</sourceDDLFile>
<createdBy>angel</createdBy>
<createdTime>2025-05-01 17:09:15 UTC</createdTime>
<ownerDesignName>SBD1_Proyecto2_DataModeler</ownerDesignName>
<importedID>EE3D61D9-B31A-ACD1-5CC9-61D4D10B8B60</importedID>
<referredTableLongName>TIPO_CLIENTE</referredTableLongName>
<deleteRule>NO ACTION</deleteRule>
<referredTableID>578DCC67-B14A-51C4-DC9F-736D344A60CD</referredTableID>
<keyObject>571D61C3-6E45-57F9-7A83-B7D409483608</keyObject>
<referredKeyID>571D61C3-6E45-57F9-7A83-B7D409483608</referredKeyID>
<mandatory>true</mandatory>
<refColNames>id_tipo_cliente</refColNames>
<transferable>true</transferable>
<rely>false</rely>
<columnDependencyConstraintGenerateInDDL>true</columnDependencyConstraintGenerateInDDL>
</FKIndexAssociation>