<?xml version = '1.0' encoding = 'UTF-8'?>
<FKIndexAssociation class="oracle.dbtools.crest.model.design.relational.FKIndexAssociation" directorySegmentName="seg_0" id="896CA188-DD64-9461-E6E3-DFBD4AF7F013" containerWithKeyObject="F3EE6FD8-B896-A765-B599-FDDDCE898033" localFKIndex="1DD94800-51B7-13C7-EBFE-D6C5E4F74537" name="fk_id_cuenta_tarjeta">
<sourceDDLFile>script completo.sql</sourceDDLFile>
<createdBy>angel</createdBy>
<createdTime>2025-05-01 17:09:15 UTC</createdTime>
<ownerDesignName>SBD1_Proyecto2_DataModeler</ownerDesignName>
<importedID>D1245F87-EA4E-9F90-6192-8E192EE1879D</importedID>
<referredTableLongName>CUENTA</referredTableLongName>
<deleteRule>NO ACTION</deleteRule>
<referredTableID>6766E9DA-E9D7-0AC8-8009-2BAF02A68E9E</referredTableID>
<keyObject>916A413D-448B-DC3B-E32A-1EC50BEA188F</keyObject>
<referredKeyID>916A413D-448B-DC3B-E32A-1EC50BEA188F</referredKeyID>
<mandatory>false</mandatory>
<refColNames>id_cuenta</refColNames>
<transferable>true</transferable>
<rely>false</rely>
<columnDependencyConstraintGenerateInDDL>true</columnDependencyConstraintGenerateInDDL>
</FKIndexAssociation>