<?xml version = '1.0' encoding = 'UTF-8'?>
<FKIndexAssociation class="oracle.dbtools.crest.model.design.relational.FKIndexAssociation" directorySegmentName="seg_0" id="917AA8A1-538D-802C-83F7-9DAE9EB2D8E5" containerWithKeyObject="646F4572-6598-2C89-92D5-4DD7E512BD5B" localFKIndex="406B2E42-7C35-3756-EEA8-BE38134CFB45" name="fk_id_cliente_remesa">
<sourceDDLFile>script completo.sql</sourceDDLFile>
<createdBy>angel</createdBy>
<createdTime>2025-05-01 17:09:15 UTC</createdTime>
<ownerDesignName>SBD1_Proyecto2_DataModeler</ownerDesignName>
<importedID>27BCE0C9-66EE-61FC-53F9-E95C20CE5F72</importedID>
<referredTableLongName>CLIENTE</referredTableLongName>
<deleteRule>NO ACTION</deleteRule>
<referredTableID>CC30FAEC-8C5D-4730-45DB-06F2DF7936E8</referredTableID>
<keyObject>3175DA2A-A69A-7164-2C8E-0A73B54F85A3</keyObject>
<referredKeyID>3175DA2A-A69A-7164-2C8E-0A73B54F85A3</referredKeyID>
<mandatory>true</mandatory>
<refColNames>id_cliente</refColNames>
<transferable>true</transferable>
<rely>false</rely>
<columnDependencyConstraintGenerateInDDL>true</columnDependencyConstraintGenerateInDDL>
</FKIndexAssociation>