<?xml version = '1.0' encoding = 'UTF-8'?>
<FKIndexAssociation class="oracle.dbtools.crest.model.design.relational.FKIndexAssociation" directorySegmentName="seg_0" id="964775F8-DCA4-05E7-9156-05B66B133710" containerWithKeyObject="301495B5-8F1A-1427-8F8E-E097512F7722" localFKIndex="63C384EB-67DB-15E5-4B85-3EB0DEA078A4" name="fk_id_prestamo_pago">
<sourceDDLFile>script completo.sql</sourceDDLFile>
<createdBy>angel</createdBy>
<createdTime>2025-05-01 17:09:15 UTC</createdTime>
<ownerDesignName>SBD1_Proyecto2_DataModeler</ownerDesignName>
<importedID>319528CA-2621-578A-FB9A-D0DC2B02DE22</importedID>
<referredTableLongName>PRESTAMO</referredTableLongName>
<deleteRule>NO ACTION</deleteRule>
<referredTableID>222F1D39-311C-2C00-71DD-3C23CBC5C4FF</referredTableID>
<keyObject>1763D1FD-CB80-73AC-A169-E19BB5B1D69E</keyObject>
<referredKeyID>1763D1FD-CB80-73AC-A169-E19BB5B1D69E</referredKeyID>
<mandatory>false</mandatory>
<refColNames>id_prestamo</refColNames>
<transferable>true</transferable>
<rely>false</rely>
<columnDependencyConstraintGenerateInDDL>true</columnDependencyConstraintGenerateInDDL>
</FKIndexAssociation>