<?xml version = '1.0' encoding = 'UTF-8'?>
<FKIndexAssociation class="oracle.dbtools.crest.model.design.relational.FKIndexAssociation" directorySegmentName="seg_0" id="A170EB9C-E5F4-EA32-DADB-468F0CFC29C1" containerWithKeyObject="B4E52A9A-D5BC-1DD5-F812-E2463C1B9315" localFKIndex="AA6A2450-B755-5FF5-3EC7-69C2880CBED5" name="fk_prestamo_cuota">
<sourceDDLFile>script completo.sql</sourceDDLFile>
<createdBy>angel</createdBy>
<createdTime>2025-05-01 17:09:15 UTC</createdTime>
<ownerDesignName>SBD1_Proyecto2_DataModeler</ownerDesignName>
<importedID>2643AE4F-3CB6-4276-5956-3D4C46D52324</importedID>
<referredTableLongName>PRESTAMO</referredTableLongName>
<deleteRule>NO ACTION</deleteRule>
<referredTableID>222F1D39-311C-2C00-71DD-3C23CBC5C4FF</referredTableID>
<keyObject>1763D1FD-CB80-73AC-A169-E19BB5B1D69E</keyObject>
<referredKeyID>1763D1FD-CB80-73AC-A169-E19BB5B1D69E</referredKeyID>
<mandatory>true</mandatory>
<refColNames>id_prestamo</refColNames>
<transferable>true</transferable>
<rely>false</rely>
<columnDependencyConstraintGenerateInDDL>true</columnDependencyConstraintGenerateInDDL>
</FKIndexAssociation>