<?xml version = '1.0' encoding = 'UTF-8'?>
<FKIndexAssociation class="oracle.dbtools.crest.model.design.relational.FKIndexAssociation" directorySegmentName="seg_0" id="AA5C96C5-CA96-0E17-FA2A-2779D286CC68" containerWithKeyObject="66C7F414-8EAD-87A2-DCC1-85709D28AE5F" localFKIndex="CCC6AD76-80AF-75E8-A605-DD4C440913B8" name="fk_interes_cuenta">
<sourceDDLFile>script completo.sql</sourceDDLFile>
<createdBy>angel</createdBy>
<createdTime>2025-05-01 17:09:15 UTC</createdTime>
<ownerDesignName>SBD1_Proyecto2_DataModeler</ownerDesignName>
<importedID>162E9311-CA69-A2B5-D98F-4555586C4AB5</importedID>
<referredTableLongName>CUENTA</referredTableLongName>
<deleteRule>NO ACTION</deleteRule>
<referredTableID>6766E9DA-E9D7-0AC8-8009-2BAF02A68E9E</referredTableID>
<keyObject>916A413D-448B-DC3B-E32A-1EC50BEA188F</keyObject>
<referredKeyID>916A413D-448B-DC3B-E32A-1EC50BEA188F</referredKeyID>
<mandatory>true</mandatory>
<refColNames>id_cuenta</refColNames>
<transferable>true</transferable>
<rely>false</rely>
<columnDependencyConstraintGenerateInDDL>true</columnDependencyConstraintGenerateInDDL>
</FKIndexAssociation>