<?xml version = '1.0' encoding = 'UTF-8'?>
<FKIndexAssociation class="oracle.dbtools.crest.model.design.relational.FKIndexAssociation" directorySegmentName="seg_0" id="BA70EA98-C635-CC49-63FD-9284CE22A510" containerWithKeyObject="6766E9DA-E9D7-0AC8-8009-2BAF02A68E9E" localFKIndex="B95B30A2-0636-FADF-93D1-638B5481CB44" name="fk_id_cliente">
<sourceDDLFile>script completo.sql</sourceDDLFile>
<createdBy>angel</createdBy>
<createdTime>2025-05-01 17:09:15 UTC</createdTime>
<ownerDesignName>SBD1_Proyecto2_DataModeler</ownerDesignName>
<importedID>E113A455-C221-A07B-067B-DCF7E639AB2A</importedID>
<referredTableLongName>CLIENTE</referredTableLongName>
<deleteRule>NO ACTION</deleteRule>
<referredTableID>CC30FAEC-8C5D-4730-45DB-06F2DF7936E8</referredTableID>
<keyObject>3175DA2A-A69A-7164-2C8E-0A73B54F85A3</keyObject>
<referredKeyID>3175DA2A-A69A-7164-2C8E-0A73B54F85A3</referredKeyID>
<mandatory>true</mandatory>
<refColNames>id_cliente</refColNames>
<transferable>true</transferable>
<rely>false</rely>
<columnDependencyConstraintGenerateInDDL>true</columnDependencyConstraintGenerateInDDL>
</FKIndexAssociation>