<?xml version = '1.0' encoding = 'UTF-8'?>
<FKIndexAssociation class="oracle.dbtools.crest.model.design.relational.FKIndexAssociation" directorySegmentName="seg_0" id="CB5765F4-660E-E052-D3F3-CB5015012DA4" containerWithKeyObject="9984AB63-28BF-FB72-B1B6-3B30674CFDBD" localFKIndex="38571AA3-41F7-08DC-1A2F-03B6C990FBA2" name="fk_id_cliente_notificacion">
<sourceDDLFile>script completo.sql</sourceDDLFile>
<createdBy>angel</createdBy>
<createdTime>2025-05-01 17:09:15 UTC</createdTime>
<ownerDesignName>SBD1_Proyecto2_DataModeler</ownerDesignName>
<importedID>DC4539B3-ED9F-575F-AA25-69B3F87BA865</importedID>
<referredTableLongName>CLIENTE</referredTableLongName>
<deleteRule>NO ACTION</deleteRule>
<referredTableID>CC30FAEC-8C5D-4730-45DB-06F2DF7936E8</referredTableID>
<keyObject>3175DA2A-A69A-7164-2C8E-0A73B54F85A3</keyObject>
<referredKeyID>3175DA2A-A69A-7164-2C8E-0A73B54F85A3</referredKeyID>
<mandatory>true</mandatory>
<refColNames>id_cliente</refColNames>
<transferable>true</transferable>
<rely>false</rely>
<columnDependencyConstraintGenerateInDDL>true</columnDependencyConstraintGenerateInDDL>
</FKIndexAssociation>