<?xml version = '1.0' encoding = 'UTF-8'?>
<FKIndexAssociation class="oracle.dbtools.crest.model.design.relational.FKIndexAssociation" directorySegmentName="seg_0" id="D4B1FA74-7569-E1C7-E07B-A6814B89909D" containerWithKeyObject="F5BF668E-618F-DCF4-434D-E769DFE09075" localFKIndex="2E73DBCD-282A-6545-9CE6-A9FCA6085692" name="fk_id_tarjeta_premio">
<sourceDDLFile>script completo.sql</sourceDDLFile>
<createdBy>angel</createdBy>
<createdTime>2025-05-01 17:09:15 UTC</createdTime>
<ownerDesignName>SBD1_Proyecto2_DataModeler</ownerDesignName>
<importedID>18DF84B0-54E2-E248-71B6-A22FC149712A</importedID>
<referredTableLongName>TARJETA</referredTableLongName>
<deleteRule>NO ACTION</deleteRule>
<referredTableID>F3EE6FD8-B896-A765-B599-FDDDCE898033</referredTableID>
<keyObject>DC9FC9BF-A33A-BFFB-2AF2-C627C1A0D2F1</keyObject>
<referredKeyID>DC9FC9BF-A33A-BFFB-2AF2-C627C1A0D2F1</referredKeyID>
<mandatory>true</mandatory>
<refColNames>id_tarjeta</refColNames>
<transferable>true</transferable>
<rely>false</rely>
<columnDependencyConstraintGenerateInDDL>true</columnDependencyConstraintGenerateInDDL>
</FKIndexAssociation>