<?xml version = '1.0' encoding = 'UTF-8'?>
<FKIndexAssociation class="oracle.dbtools.crest.model.design.relational.FKIndexAssociation" directorySegmentName="seg_0" id="F127B62C-2B34-64CA-FE88-567331F3C399" containerWithKeyObject="301495B5-8F1A-1427-8F8E-E097512F7722" localFKIndex="5EE492C2-C89F-6E6B-CE88-68A0921B6023" name="fk_id_tarjeta_pago">
<sourceDDLFile>script completo.sql</sourceDDLFile>
<createdBy>angel</createdBy>
<createdTime>2025-05-01 17:09:15 UTC</createdTime>
<ownerDesignName>SBD1_Proyecto2_DataModeler</ownerDesignName>
<importedID>B0EC618A-0A8D-1307-D7B7-085FED118CAB</importedID>
<referredTableLongName>TARJETA</referredTableLongName>
<deleteRule>NO ACTION</deleteRule>
<referredTableID>F3EE6FD8-B896-A765-B599-FDDDCE898033</referredTableID>
<keyObject>DC9FC9BF-A33A-BFFB-2AF2-C627C1A0D2F1</keyObject>
<referredKeyID>DC9FC9BF-A33A-BFFB-2AF2-C627C1A0D2F1</referredKeyID>
<mandatory>false</mandatory>
<refColNames>id_tarjeta</refColNames>
<transferable>true</transferable>
<rely>false</rely>
<columnDependencyConstraintGenerateInDDL>true</columnDependencyConstraintGenerateInDDL>
</FKIndexAssociation>