<?xml version = '1.0' encoding = 'UTF-8'?>
<FKIndexAssociation class="oracle.dbtools.crest.model.design.relational.FKIndexAssociation" directorySegmentName="seg_0" id="F4D69593-841E-FDED-4826-8DB40555A78E" containerWithKeyObject="F4B4CB0C-17F2-61B5-A02A-BD521473BAC1" localFKIndex="1070D8E1-D4C8-14B2-DE99-2451FF33EA0A" name="fk_id_cuenta_origen_transaccion">
<sourceDDLFile>script completo.sql</sourceDDLFile>
<createdBy>angel</createdBy>
<createdTime>2025-05-01 17:09:15 UTC</createdTime>
<ownerDesignName>SBD1_Proyecto2_DataModeler</ownerDesignName>
<importedID>5A56FF53-44F1-04B1-DF47-38D9FF5EC415</importedID>
<referredTableLongName>CUENTA</referredTableLongName>
<deleteRule>NO ACTION</deleteRule>
<referredTableID>6766E9DA-E9D7-0AC8-8009-2BAF02A68E9E</referredTableID>
<keyObject>916A413D-448B-DC3B-E32A-1EC50BEA188F</keyObject>
<referredKeyID>916A413D-448B-DC3B-E32A-1EC50BEA188F</referredKeyID>
<mandatory>false</mandatory>
<refColNames>id_cuenta</refColNames>
<transferable>true</transferable>
<rely>false</rely>
<columnDependencyConstraintGenerateInDDL>true</columnDependencyConstraintGenerateInDDL>
</FKIndexAssociation>