<?xml version = '1.0' encoding = 'UTF-8'?>
<FKIndexAssociation class="oracle.dbtools.crest.model.design.relational.FKIndexAssociation" directorySegmentName="seg_0" id="F5881DF0-9ADF-AB74-7CD6-6A8BC103E180" containerWithKeyObject="301495B5-8F1A-1427-8F8E-E097512F7722" localFKIndex="1A86A8D5-752D-C844-7799-67FE9C3C2AC4" name="fk_id_tipo_pago_pago">
<sourceDDLFile>script completo.sql</sourceDDLFile>
<createdBy>angel</createdBy>
<createdTime>2025-05-01 17:09:15 UTC</createdTime>
<ownerDesignName>SBD1_Proyecto2_DataModeler</ownerDesignName>
<importedID>B517C88F-C46D-D20A-700B-AAAF95BA4A54</importedID>
<referredTableLongName>TIPO_PAGO</referredTableLongName>
<deleteRule>NO ACTION</deleteRule>
<referredTableID>797A002D-2C3F-BDFA-8AA9-0084A39F5449</referredTableID>
<keyObject>B6D4FDB7-3231-405B-2D4C-66F6B0DB7468</keyObject>
<referredKeyID>B6D4FDB7-3231-405B-2D4C-66F6B0DB7468</referredKeyID>
<mandatory>true</mandatory>
<refColNames>id_tipo_producto</refColNames>
<transferable>true</transferable>
<rely>false</rely>
<columnDependencyConstraintGenerateInDDL>true</columnDependencyConstraintGenerateInDDL>
</FKIndexAssociation>