<?xml version = '1.0' encoding = 'UTF-8'?>
<relationalModel class="oracle.dbtools.crest.model.design.relational.RelationalDesign" name="script completo" id="9BD6B8B6-3CE3-B48E-BB60-52C30DC395C5" mainViewID="14E3B5FC-FF37-AC24-5CAB-9D370DFA83B7">
<createdBy>angel</createdBy>
<createdTime>2025-05-01 17:08:43 UTC</createdTime>
<ownerDesignName>SBD1_Proyecto2_DataModeler</ownerDesignName>
<shouldBeOpen>false</shouldBeOpen>
<selectedRDBMSSite>01F6E6D1-21D0-CFBD-ABDD-3988D1813575</selectedRDBMSSite>
<importDDLFileStamps>
<importDDLFileStamp class="oracle.dbtools.crest.imports.DDLFileStamp">
<fileName>script completo.sql</fileName>
<pathName>C:\Users\angel\Downloads</pathName>
<dbType>17</dbType>
</importDDLFileStamp>
</importDDLFileStamps>
</relationalModel>