<?xml version = '1.0' encoding = 'UTF-8'?>
<TableProxyOraclev20c class="oracle.dbtools.crest.model.design.storage.oracle.v20c.TableProxyOraclev20c" name="TIPO_PAGO" directorySegmentName="seg_0" id="797A002D-2C3F-BDFA-8AA9-0084A39F5449">
<createdBy>angel</createdBy>
<createdTime>2025-05-01 17:09:14 UTC</createdTime>
<ownerDesignName>SBD1_Proyecto2_DataModeler</ownerDesignName>
<logging>YES</logging>
<partitionedRowMovement>DISABLE</partitionedRowMovement>
<temporaryChanged>false</temporaryChanged>
<accessDriverType>oracle_loader</accessDriverType>
<rejectLimit></rejectLimit>
<columnProxies itemClass="oracle.dbtools.crest.model.design.storage.oracle.v12c.ColumnProxyOraclev12c">
<ColumnProxy name="monto_dolares" id="04F6330F-2E72-6BDA-9962-84CCB257060C">
<createdBy>angel</createdBy>
<createdTime>2025-05-01 17:09:15 UTC</createdTime>
<ownerDesignName>SBD1_Proyecto2_DataModeler</ownerDesignName>
</ColumnProxy>
<ColumnProxy name="created_at" id="31C4FC5B-2890-3857-768F-718A81BEFA77">
<createdBy>angel</createdBy>
<createdTime>2025-05-01 17:09:15 UTC</createdTime>
<ownerDesignName>SBD1_Proyecto2_DataModeler</ownerDesignName>
<defaultValue>SYSTIMESTAMP</defaultValue>
</ColumnProxy>
<ColumnProxy name="tipo" id="35D9AB1F-4520-29FF-1B1C-647F9BDCA3AC">
<createdBy>angel</createdBy>
<createdTime>2025-05-01 17:09:15 UTC</createdTime>
<ownerDesignName>SBD1_Proyecto2_DataModeler</ownerDesignName>
</ColumnProxy>
<ColumnProxy name="nombre" id="6B7DFEC9-5786-1BBB-8A95-442C913E0DB0">
<createdBy>angel</createdBy>
<createdTime>2025-05-01 17:09:15 UTC</createdTime>
<ownerDesignName>SBD1_Proyecto2_DataModeler</ownerDesignName>
</ColumnProxy>
<ColumnProxy name="monto_quetzales" id="AA3F962E-9944-0C2A-FB89-CDF1462618D9">
<createdBy>angel</createdBy>
<createdTime>2025-05-01 17:09:15 UTC</createdTime>
<ownerDesignName>SBD1_Proyecto2_DataModeler</ownerDesignName>
</ColumnProxy>
<ColumnProxy name="id_tipo_producto" id="C946775F-D21F-C0C4-0AA1-378C8E43FDCE">
<createdBy>angel</createdBy>
<createdTime>2025-05-01 17:09:15 UTC</createdTime>
<ownerDesignName>SBD1_Proyecto2_DataModeler</ownerDesignName>
<autoIncrementDDL>IDENTITY_CLAUSE</autoIncrementDDL>
</ColumnProxy>
<ColumnProxy name="updated_at" id="E5059555-95D7-EB41-5FDF-5C3305190D3A">
<createdBy>angel</createdBy>
<createdTime>2025-05-01 17:09:15 UTC</createdTime>
<ownerDesignName>SBD1_Proyecto2_DataModeler</ownerDesignName>
<defaultValue>SYSTIMESTAMP</defaultValue>
</ColumnProxy>
</columnProxies>
<primaryKeys>
<PrimaryKey class="oracle.dbtools.crest.model.design.storage.oracle.v10g.PKProxyOraclev10g" name="TIPO_PAGO_PK" id="B6D4FDB7-3231-405B-2D4C-66F6B0DB7468">
<createdBy>angel</createdBy>
<createdTime>2025-05-01 17:09:15 UTC</createdTime>
<ownerDesignName>SBD1_Proyecto2_DataModeler</ownerDesignName>
<indexSort>SORTED</indexSort>
</PrimaryKey>
</primaryKeys>
<uniqueKeys>
<UniqueKey class="oracle.dbtools.crest.model.design.storage.oracle.v10g.UniqueOraclev10g" name="INDEX_1" id="0C0C3516-4C8A-7B5B-E602-D1093D123F7F">
<createdBy>angel</createdBy>
<createdTime>2025-05-01 17:09:15 UTC</createdTime>
<ownerDesignName>SBD1_Proyecto2_DataModeler</ownerDesignName>
<nameChanged>true</nameChanged>
<indexSort>SORTED</indexSort>
</UniqueKey>
</uniqueKeys>
</TableProxyOraclev20c>