<?xml version = '1.0' encoding = 'UTF-8'?>
<Diagram class="oracle.dbtools.crest.swingui.logical.DPVLogical" name="Logical" id="7B1BF886-98EA-D200-01EA-4F7553F1685A">
<createdBy>angel</createdBy>
<modifiedBy>angel</modifiedBy>
<createdTime>2025-05-01 17:18:08 UTC</createdTime>
<autoRoute>false</autoRoute>
<boxInbox>true</boxInbox>
<showLegend>false</showLegend>
<showLabels>false</showLabels>
<showRelAttributes>false</showRelAttributes>
<gridEnabled>false</gridEnabled>
<showGrid>false</showGrid>
<diagramColor>-1</diagramColor>
<display>false</display>
<notation>1</notation>
<objectViews>
<OView class="oracle.dbtools.crest.swingui.logical.TVEntity" oid="1266AE7E-A433-F55E-591F-A0D41DA12669" otype="Entity" vid="0FF76AD1-1020-800B-2F4D-F1210F86F3D6">
<hideElementsInCurrentOnly>false</hideElementsInCurrentOnly>
<bounds x="1006" y="109" width="342" height="332"/>
</OView>
<OView class="oracle.dbtools.crest.swingui.logical.TVEntity" oid="193B10A7-8A4A-C4B9-F423-38390ECC8CBE" otype="Entity" vid="1C4A84CB-5906-7549-C3FD-D64CC0101FCB">
<hideElementsInCurrentOnly>false</hideElementsInCurrentOnly>
<bounds x="1969" y="951" width="260" height="116"/>
</OView>
<OView class="oracle.dbtools.crest.swingui.logical.TVEntity" oid="2B4FB46E-3FD7-BDCB-0C01-A1F64A2EBD8F" otype="Entity" vid="293EFEF9-AA97-F11B-9532-E46B2A0A583B">
<hideElementsInCurrentOnly>false</hideElementsInCurrentOnly>
<bounds x="538" y="842" width="306" height="304"/>
</OView>
<OView class="oracle.dbtools.crest.swingui.logical.TVEntity" oid="307C8A7D-6DB5-EB3C-EEF2-ABF0BDCF1CB1" otype="Entity" vid="D0593D44-1A41-3863-788C-CFE373C08761">
<hideElementsInCurrentOnly>false</hideElementsInCurrentOnly>
<bounds x="1938" y="371" width="209" height="116"/>
</OView>
<OView class="oracle.dbtools.crest.swingui.logical.TVEntity" oid="329A80E1-D444-D336-AA30-52718A113931" otype="Entity" vid="F6CEBD4B-A29C-2C24-014C-7E35C0685BAF">
<hideElementsInCurrentOnly>false</hideElementsInCurrentOnly>
<bounds x="223" y="378" width="256" height="178"/>
</OView>
<OView class="oracle.dbtools.crest.swingui.logical.TVEntity" oid="380B26FB-C4C9-CF4D-2AF2-C18DC34C1C0B" otype="Entity" vid="B081C3D0-785F-6DD1-6875-6AAF9EA1A321">
<hideElementsInCurrentOnly>false</hideElementsInCurrentOnly>
<bounds x="1059" y="1117" width="241" height="234"/>
</OView>
<OView class="oracle.dbtools.crest.swingui.logical.TVEntity" oid="6603A3DB-F5FB-4F9F-31A3-2CF656B81D54" otype="Entity" vid="886D4E66-FC85-BB67-0EDA-B37C0BC4A5F4">
<hideElementsInCurrentOnly>false</hideElementsInCurrentOnly>
<bounds x="1775" y="35" width="225" height="234"/>
</OView>
<OView class="oracle.dbtools.crest.swingui.logical.TVEntity" oid="6AED691E-C6F7-BA8C-9561-BB3A89CC09F3" otype="Entity" vid="DDFA0C87-6A65-12CE-13EB-B358784BC06A">
<hideElementsInCurrentOnly>false</hideElementsInCurrentOnly>
<bounds x="1623" y="422" width="234" height="234"/>
</OView>
<OView class="oracle.dbtools.crest.swingui.logical.TVEntity" oid="8496A075-F6DB-A1FA-6017-0F0A6E685766" otype="Entity" vid="C5A68A5C-4380-260E-DF8C-8045874DD1BD">
<hideElementsInCurrentOnly>false</hideElementsInCurrentOnly>
<bounds x="1650" y="845" width="247" height="220"/>
</OView>
<OView class="oracle.dbtools.crest.swingui.logical.TVEntity" oid="853B3DF9-8137-B2C1-C8E2-5B6E0CEF3155" otype="Entity" vid="6985D814-27B1-E522-B8CC-078BDADAB632">
<hideElementsInCurrentOnly>false</hideElementsInCurrentOnly>
<bounds x="1967" y="755" width="213" height="130"/>
</OView>
<OView class="oracle.dbtools.crest.swingui.logical.TVEntity" oid="990081B3-062C-6936-DEC8-5E7C29FBDC90" otype="Entity" vid="29CBD8B1-FFD9-2C23-0A0D-247A28862A79">
<hideElementsInCurrentOnly>false</hideElementsInCurrentOnly>
<bounds x="671" y="60" width="216" height="158"/>
</OView>
<OView class="oracle.dbtools.crest.swingui.logical.TVEntity" oid="BB8FA278-A28A-B11F-E15A-657D8809774C" otype="Entity" vid="967910FE-0E9E-99BA-E1BC-840B846E08E3">
<hideElementsInCurrentOnly>false</hideElementsInCurrentOnly>
<bounds x="569" y="426" width="233" height="332"/>
</OView>
<OView class="oracle.dbtools.crest.swingui.logical.TVEntity" oid="C94FC57C-19F1-2531-EA33-FFCC1BC6F5C1" otype="Entity" vid="1FBF3AC0-715D-9DBD-9401-D1149FDF2B2B">
<hideElementsInCurrentOnly>false</hideElementsInCurrentOnly>
<bounds x="178" y="913" width="263" height="116"/>
</OView>
<OView class="oracle.dbtools.crest.swingui.logical.TVEntity" oid="D12D9261-66B6-E1EB-0456-7F5F4AC44C8A" otype="Entity" vid="14587C96-EF82-A66F-913F-C4E8CA97413B">
<hideElementsInCurrentOnly>false</hideElementsInCurrentOnly>
<bounds x="674" y="1219" width="213" height="144"/>
</OView>
<OView class="oracle.dbtools.crest.swingui.logical.TVEntity" oid="DBB841DE-7CDA-AECD-4F3E-EBEEFDD186A3" otype="Entity" vid="E881B6B1-2EAA-06CE-8992-6A00F23776DE">
<hideElementsInCurrentOnly>false</hideElementsInCurrentOnly>
<bounds x="1443" y="181" width="226" height="220"/>
</OView>
<OView class="oracle.dbtools.crest.swingui.logical.TVEntity" oid="DE20DC95-D7D2-F145-3936-23780EA3F83F" otype="Entity" vid="6CB4D7A9-A195-47EF-2692-0E8BC451EB37">
<hideElementsInCurrentOnly>false</hideElementsInCurrentOnly>
<bounds x="1270" y="640" width="228" height="234"/>
</OView>
<OView class="oracle.dbtools.crest.swingui.logical.TVEntity" oid="DE79C223-FE9E-1E84-D1CA-7E605E789B3B" otype="Entity" vid="73F41718-A477-2EC6-6921-2F3DEFCF6FD0">
<hideElementsInCurrentOnly>false</hideElementsInCurrentOnly>
<bounds x="216" y="604" width="211" height="130"/>
</OView>
<OView class="oracle.dbtools.crest.swingui.logical.TVEntity" oid="E21B1E28-D74C-A222-9926-B2D976BC6ABF" otype="Entity" vid="19C6E819-F5C4-DE4C-AD78-29FA3E88DE62">
<hideElementsInCurrentOnly>false</hideElementsInCurrentOnly>
<bounds x="1918" y="577" width="216" height="150"/>
</OView>
<OView class="oracle.dbtools.crest.swingui.logical.TVEntity" oid="E5471436-9800-A00F-A462-1296791D8A94" otype="Entity" vid="08823A8B-EFC6-AA8E-4896-EBB3A4D08D04">
<hideElementsInCurrentOnly>false</hideElementsInCurrentOnly>
<bounds x="946" y="472" width="192" height="178"/>
</OView>
<OView class="oracle.dbtools.crest.swingui.logical.TVEntity" oid="F3F55B6B-01DC-DDEE-086B-125781ABD7C0" otype="Entity" vid="5A9A70F8-5BB2-3BDA-88B3-D3B550A81C92">
<hideElementsInCurrentOnly>false</hideElementsInCurrentOnly>
<bounds x="1539" y="1143" width="203" height="192"/>
</OView>
</objectViews>
<connectors>
<Connector class="oracle.dbtools.crest.swingui.logical.TVRelation" oid="02085895-439C-8020-AFB1-2D336F8F1D02" otype="Relation" vid_source="6CB4D7A9-A195-47EF-2692-0E8BC451EB37" vid_target="967910FE-0E9E-99BA-E1BC-840B846E08E3">
<hideElementsInCurrentOnly>false</hideElementsInCurrentOnly>
<backgroundColor>-16777216</backgroundColor>
<lineWidth>1</lineWidth>
<points>
<point x="1270" y="699"/>
<point x="802" y="699"/>
</points>
</Connector>
<Connector class="oracle.dbtools.crest.swingui.logical.TVRelation" oid="1F170955-362A-0BD3-B206-E4D0273B3BF6" otype="Relation" vid_source="967910FE-0E9E-99BA-E1BC-840B846E08E3" vid_target="08823A8B-EFC6-AA8E-4896-EBB3A4D08D04">
<hideElementsInCurrentOnly>false</hideElementsInCurrentOnly>
<backgroundColor>-16777216</backgroundColor>
<lineWidth>1</lineWidth>
<points>
<point x="802" y="561"/>
<point x="946" y="561"/>
</points>
</Connector>
<Connector class="oracle.dbtools.crest.swingui.logical.TVRelation" oid="27ADEDD4-9569-89F4-A4E8-4EF4F3B073B9" otype="Relation" vid_source="B081C3D0-785F-6DD1-6875-6AAF9EA1A321" vid_target="967910FE-0E9E-99BA-E1BC-840B846E08E3">
<hideElementsInCurrentOnly>false</hideElementsInCurrentOnly>
<backgroundColor>-16777216</backgroundColor>
<lineWidth>1</lineWidth>
<points>
<point x="1089" y="1117"/>
<point x="802" y="743"/>
</points>
</Connector>
<Connector class="oracle.dbtools.crest.swingui.logical.TVRelation" oid="3799DB4B-D042-B3F4-DD31-FE0D1BA49E8B" otype="Relation" vid_source="E881B6B1-2EAA-06CE-8992-6A00F23776DE" vid_target="0FF76AD1-1020-800B-2F4D-F1210F86F3D6">
<hideElementsInCurrentOnly>false</hideElementsInCurrentOnly>
<backgroundColor>-16777216</backgroundColor>
<lineWidth>1</lineWidth>
<points>
<point x="1443" y="291"/>
<point x="1348" y="291"/>
</points>
</Connector>
<Connector class="oracle.dbtools.crest.swingui.logical.TVRelation" oid="507C5C1F-C2C6-166F-8E22-BE812F3FE0B4" otype="Relation" vid_source="967910FE-0E9E-99BA-E1BC-840B846E08E3" vid_target="0FF76AD1-1020-800B-2F4D-F1210F86F3D6">
<hideElementsInCurrentOnly>false</hideElementsInCurrentOnly>
<backgroundColor>-16777216</backgroundColor>
<lineWidth>1</lineWidth>
<points>
<point x="802" y="433"/>
<point x="1006" y="433"/>
</points>
</Connector>
<Connector class="oracle.dbtools.crest.swingui.logical.TVRelation" oid="60F3A59D-84C3-FFCF-21B9-85B985A89C7D" otype="Relation" vid_source="DDFA0C87-6A65-12CE-13EB-B358784BC06A" vid_target="0FF76AD1-1020-800B-2F4D-F1210F86F3D6">
<hideElementsInCurrentOnly>false</hideElementsInCurrentOnly>
<backgroundColor>-16777216</backgroundColor>
<lineWidth>1</lineWidth>
<points>
<point x="1623" y="431"/>
<point x="1348" y="431"/>
</points>
</Connector>
<Connector class="oracle.dbtools.crest.swingui.logical.TVRelation" oid="6225C731-E51B-B5E8-3ED1-66DD2601C9C9" otype="Relation" vid_source="B081C3D0-785F-6DD1-6875-6AAF9EA1A321" vid_target="0FF76AD1-1020-800B-2F4D-F1210F86F3D6">
<hideElementsInCurrentOnly>false</hideElementsInCurrentOnly>
<backgroundColor>-16777216</backgroundColor>
<lineWidth>1</lineWidth>
<points>
<point x="1179" y="1117"/>
<point x="1179" y="441"/>
</points>
</Connector>
<Connector class="oracle.dbtools.crest.swingui.logical.TVRelation" oid="68DCE592-7C23-0C72-F20B-45DB173A3928" otype="Relation" vid_source="14587C96-EF82-A66F-913F-C4E8CA97413B" vid_target="B081C3D0-785F-6DD1-6875-6AAF9EA1A321">
<hideElementsInCurrentOnly>false</hideElementsInCurrentOnly>
<backgroundColor>-16777216</backgroundColor>
<lineWidth>1</lineWidth>
<points>
<point x="887" y="1285"/>
<point x="1059" y="1285"/>
</points>
</Connector>
<Connector class="oracle.dbtools.crest.swingui.logical.TVRelation" oid="697416BE-EC16-DC86-33CD-F678308AC34E" otype="Relation" vid_source="6CB4D7A9-A195-47EF-2692-0E8BC451EB37" vid_target="0FF76AD1-1020-800B-2F4D-F1210F86F3D6">
<hideElementsInCurrentOnly>false</hideElementsInCurrentOnly>
<backgroundColor>-16777216</backgroundColor>
<lineWidth>1</lineWidth>
<points>
<point x="1309" y="640"/>
<point x="1309" y="441"/>
</points>
</Connector>
<Connector class="oracle.dbtools.crest.swingui.logical.TVRelation" oid="6A6D0769-FF8A-0808-98CC-B14273FFC3FD" otype="Relation" vid_source="6CB4D7A9-A195-47EF-2692-0E8BC451EB37" vid_target="B081C3D0-785F-6DD1-6875-6AAF9EA1A321">
<hideElementsInCurrentOnly>false</hideElementsInCurrentOnly>
<backgroundColor>-16777216</backgroundColor>
<lineWidth>1</lineWidth>
<points>
<point x="1285" y="874"/>
<point x="1285" y="1117"/>
</points>
</Connector>
<Connector class="oracle.dbtools.crest.swingui.logical.TVRelation" oid="6D574C0C-7FD5-E201-6332-16DD4E4E8160" otype="Relation" vid_source="73F41718-A477-2EC6-6921-2F3DEFCF6FD0" vid_target="967910FE-0E9E-99BA-E1BC-840B846E08E3">
<hideElementsInCurrentOnly>false</hideElementsInCurrentOnly>
<backgroundColor>-16777216</backgroundColor>
<lineWidth>1</lineWidth>
<points>
<point x="427" y="669"/>
<point x="569" y="669"/>
</points>
</Connector>
<Connector class="oracle.dbtools.crest.swingui.logical.TVRelation" oid="8002F3FD-EDE9-4636-7E15-538463C496D3" otype="Relation" vid_source="B081C3D0-785F-6DD1-6875-6AAF9EA1A321" vid_target="C5A68A5C-4380-260E-DF8C-8045874DD1BD">
<hideElementsInCurrentOnly>false</hideElementsInCurrentOnly>
<backgroundColor>-16777216</backgroundColor>
<lineWidth>1</lineWidth>
<points>
<point x="1300" y="1177"/>
<point x="1650" y="1013"/>
</points>
</Connector>
<Connector class="oracle.dbtools.crest.swingui.logical.TVRelation" oid="8599687C-F2D8-A0AB-E0F2-527257877DB4" otype="Relation" vid_source="B081C3D0-785F-6DD1-6875-6AAF9EA1A321" vid_target="293EFEF9-AA97-F11B-9532-E46B2A0A583B">
<hideElementsInCurrentOnly>false</hideElementsInCurrentOnly>
<backgroundColor>-16777216</backgroundColor>
<lineWidth>1</lineWidth>
<points>
<point x="1059" y="1131"/>
<point x="844" y="1131"/>
</points>
</Connector>
<Connector class="oracle.dbtools.crest.swingui.logical.TVRelation" oid="85BD9480-2E96-EEF4-EB75-8EBBD94F4692" otype="Relation" vid_source="D0593D44-1A41-3863-788C-CFE373C08761" vid_target="DDFA0C87-6A65-12CE-13EB-B358784BC06A">
<hideElementsInCurrentOnly>false</hideElementsInCurrentOnly>
<backgroundColor>-16777216</backgroundColor>
<lineWidth>1</lineWidth>
<points>
<point x="1938" y="454"/>
<point x="1857" y="454"/>
</points>
</Connector>
<Connector class="oracle.dbtools.crest.swingui.logical.TVRelation" oid="8A53D010-02C9-DDFE-5222-2F36F57D6756" otype="Relation" vid_source="1FBF3AC0-715D-9DBD-9401-D1149FDF2B2B" vid_target="293EFEF9-AA97-F11B-9532-E46B2A0A583B">
<hideElementsInCurrentOnly>false</hideElementsInCurrentOnly>
<backgroundColor>-16777216</backgroundColor>
<lineWidth>1</lineWidth>
<points>
<point x="441" y="971"/>
<point x="538" y="971"/>
</points>
</Connector>
<Connector class="oracle.dbtools.crest.swingui.logical.TVRelation" oid="8D326816-2707-136A-8CD2-30BC16D93DEE" otype="Relation" vid_source="967910FE-0E9E-99BA-E1BC-840B846E08E3" vid_target="F6CEBD4B-A29C-2C24-014C-7E35C0685BAF">
<hideElementsInCurrentOnly>false</hideElementsInCurrentOnly>
<backgroundColor>-16777216</backgroundColor>
<lineWidth>1</lineWidth>
<points>
<point x="569" y="491"/>
<point x="479" y="491"/>
</points>
</Connector>
<Connector class="oracle.dbtools.crest.swingui.logical.TVRelation" oid="A1E9F393-1338-E119-6598-46118DBFEC75" otype="Relation" vid_source="29CBD8B1-FFD9-2C23-0A0D-247A28862A79" vid_target="0FF76AD1-1020-800B-2F4D-F1210F86F3D6">
<hideElementsInCurrentOnly>false</hideElementsInCurrentOnly>
<backgroundColor>-16777216</backgroundColor>
<lineWidth>1</lineWidth>
<points>
<point x="887" y="163"/>
<point x="1006" y="163"/>
</points>
</Connector>
<Connector class="oracle.dbtools.crest.swingui.logical.TVRelation" oid="A3BAA44C-60DD-E2BD-E005-72A950C5547E" otype="Relation" vid_source="6CB4D7A9-A195-47EF-2692-0E8BC451EB37" vid_target="19C6E819-F5C4-DE4C-AD78-29FA3E88DE62">
<hideElementsInCurrentOnly>false</hideElementsInCurrentOnly>
<backgroundColor>-16777216</backgroundColor>
<lineWidth>1</lineWidth>
<points>
<point x="1498" y="683"/>
<point x="1918" y="683"/>
</points>
</Connector>
<Connector class="oracle.dbtools.crest.swingui.logical.TVRelation" oid="A64942D4-AA5F-796E-1388-B6BE9EBB0A61" otype="Relation" vid_source="967910FE-0E9E-99BA-E1BC-840B846E08E3" vid_target="0FF76AD1-1020-800B-2F4D-F1210F86F3D6">
<hideElementsInCurrentOnly>false</hideElementsInCurrentOnly>
<backgroundColor>-16777216</backgroundColor>
<lineWidth>1</lineWidth>
<points>
<point x="802" y="433"/>
<point x="1006" y="433"/>
</points>
</Connector>
<Connector class="oracle.dbtools.crest.swingui.logical.TVRelation" oid="B57BF9BE-52AB-E4D0-AB98-AE0A78935433" otype="Relation" vid_source="B081C3D0-785F-6DD1-6875-6AAF9EA1A321" vid_target="5A9A70F8-5BB2-3BDA-88B3-D3B550A81C92">
<hideElementsInCurrentOnly>false</hideElementsInCurrentOnly>
<backgroundColor>-16777216</backgroundColor>
<lineWidth>1</lineWidth>
<points>
<point x="1300" y="1239"/>
<point x="1539" y="1239"/>
</points>
</Connector>
<Connector class="oracle.dbtools.crest.swingui.logical.TVRelation" oid="B66C6463-ADAA-686C-245B-712BFD0847C1" otype="Relation" vid_source="B081C3D0-785F-6DD1-6875-6AAF9EA1A321" vid_target="293EFEF9-AA97-F11B-9532-E46B2A0A583B">
<hideElementsInCurrentOnly>false</hideElementsInCurrentOnly>
<backgroundColor>-16777216</backgroundColor>
<lineWidth>1</lineWidth>
<points>
<point x="1059" y="1131"/>
<point x="844" y="1131"/>
</points>
</Connector>
<Connector class="oracle.dbtools.crest.swingui.logical.TVRelation" oid="BBBF9C69-F683-1531-6186-E4B9BAD3C9CE" otype="Relation" vid_source="6CB4D7A9-A195-47EF-2692-0E8BC451EB37" vid_target="E881B6B1-2EAA-06CE-8992-6A00F23776DE">
<hideElementsInCurrentOnly>false</hideElementsInCurrentOnly>
<backgroundColor>-16777216</backgroundColor>
<lineWidth>1</lineWidth>
<points>
<point x="1470" y="640"/>
<point x="1470" y="401"/>
</points>
</Connector>
<Connector class="oracle.dbtools.crest.swingui.logical.TVRelation" oid="C3386E04-3167-41B6-5AFE-BC99FE374842" otype="Relation" vid_source="6985D814-27B1-E522-B8CC-078BDADAB632" vid_target="6CB4D7A9-A195-47EF-2692-0E8BC451EB37">
<hideElementsInCurrentOnly>false</hideElementsInCurrentOnly>
<backgroundColor>-16777216</backgroundColor>
<lineWidth>1</lineWidth>
<points>
<point x="1967" y="814"/>
<point x="1498" y="814"/>
</points>
</Connector>
<Connector class="oracle.dbtools.crest.swingui.logical.TVRelation" oid="CDF3E3E7-4D8C-65EC-F09F-1034AF3A9F9B" otype="Relation" vid_source="B081C3D0-785F-6DD1-6875-6AAF9EA1A321" vid_target="293EFEF9-AA97-F11B-9532-E46B2A0A583B">
<hideElementsInCurrentOnly>false</hideElementsInCurrentOnly>
<backgroundColor>-16777216</backgroundColor>
<lineWidth>1</lineWidth>
<points>
<point x="1059" y="1131"/>
<point x="844" y="1131"/>
</points>
</Connector>
<Connector class="oracle.dbtools.crest.swingui.logical.TVRelation" oid="E3DD3088-A7A1-59F8-77AA-AF6523BBB584" otype="Relation" vid_source="6CB4D7A9-A195-47EF-2692-0E8BC451EB37" vid_target="293EFEF9-AA97-F11B-9532-E46B2A0A583B">
<hideElementsInCurrentOnly>false</hideElementsInCurrentOnly>
<backgroundColor>-16777216</backgroundColor>
<lineWidth>1</lineWidth>
<points>
<point x="1270" y="858"/>
<point x="844" y="858"/>
</points>
</Connector>
<Connector class="oracle.dbtools.crest.swingui.logical.TVRelation" oid="E4FD993C-6B99-FC7F-E79D-31FC66D77EE9" otype="Relation" vid_source="6CB4D7A9-A195-47EF-2692-0E8BC451EB37" vid_target="08823A8B-EFC6-AA8E-4896-EBB3A4D08D04">
<hideElementsInCurrentOnly>false</hideElementsInCurrentOnly>
<backgroundColor>-16777216</backgroundColor>
<lineWidth>1</lineWidth>
<points>
<point x="1270" y="645"/>
<point x="1138" y="645"/>
</points>
</Connector>
<Connector class="oracle.dbtools.crest.swingui.logical.TVRelation" oid="EC3249C7-DD54-172D-75EF-DA0D5FA20C2B" otype="Relation" vid_source="1C4A84CB-5906-7549-C3FD-D64CC0101FCB" vid_target="C5A68A5C-4380-260E-DF8C-8045874DD1BD">
<hideElementsInCurrentOnly>false</hideElementsInCurrentOnly>
<backgroundColor>-16777216</backgroundColor>
<lineWidth>1</lineWidth>
<points>
<point x="1969" y="1008"/>
<point x="1897" y="1008"/>
</points>
</Connector>
<Connector class="oracle.dbtools.crest.swingui.logical.TVRelation" oid="EFECFAAA-A2E8-4167-CA6C-AAFCC5F97213" otype="Relation" vid_source="967910FE-0E9E-99BA-E1BC-840B846E08E3" vid_target="293EFEF9-AA97-F11B-9532-E46B2A0A583B">
<hideElementsInCurrentOnly>false</hideElementsInCurrentOnly>
<backgroundColor>-16777216</backgroundColor>
<lineWidth>1</lineWidth>
<points>
<point x="685" y="758"/>
<point x="685" y="842"/>
</points>
</Connector>
<Connector class="oracle.dbtools.crest.swingui.logical.TVRelation" oid="FB05821D-84A0-A9BD-847F-EA76EEA5841A" otype="Relation" vid_source="6CB4D7A9-A195-47EF-2692-0E8BC451EB37" vid_target="DDFA0C87-6A65-12CE-13EB-B358784BC06A">
<hideElementsInCurrentOnly>false</hideElementsInCurrentOnly>
<backgroundColor>-16777216</backgroundColor>
<lineWidth>1</lineWidth>
<points>
<point x="1498" y="648"/>
<point x="1623" y="648"/>
</points>
</Connector>
<Connector class="oracle.dbtools.crest.swingui.logical.TVRelation" oid="FE4A81DC-03A5-6279-163A-EE7183C8CFCD" otype="Relation" vid_source="6CB4D7A9-A195-47EF-2692-0E8BC451EB37" vid_target="C5A68A5C-4380-260E-DF8C-8045874DD1BD">
<hideElementsInCurrentOnly>false</hideElementsInCurrentOnly>
<backgroundColor>-16777216</backgroundColor>
<lineWidth>1</lineWidth>
<points>
<point x="1498" y="859"/>
<point x="1650" y="859"/>
</points>
</Connector>
<Connector class="oracle.dbtools.crest.swingui.logical.TVRelation" oid="FE820D93-0CF1-4A76-1C24-F5843C14D15E" otype="Relation" vid_source="E881B6B1-2EAA-06CE-8992-6A00F23776DE" vid_target="886D4E66-FC85-BB67-0EDA-B37C0BC4A5F4">
<hideElementsInCurrentOnly>false</hideElementsInCurrentOnly>
<backgroundColor>-16777216</backgroundColor>
<lineWidth>1</lineWidth>
<points>
<point x="1669" y="225"/>
<point x="1775" y="225"/>
</points>
</Connector>
</connectors>
<diagramViews>
<DiagramView class="oracle.dbtools.crest.swingui.TVDiagramView" oid="3E0F0A16-2AA7-6074-2C97-C6590FB91666" dpv_id="14E3B5FC-FF37-AC24-5CAB-9D370DFA83B7" vid="A1FD7C6A-EDCC-0558-54F2-B0C7DB2E4619">
<hideElementsInCurrentOnly>false</hideElementsInCurrentOnly>
<bounds x="56" y="57" width="140" height="100"/>
<rdiagramName>script completo</rdiagramName>
<rdiagramID>14E3B5FC-FF37-AC24-5CAB-9D370DFA83B7</rdiagramID>
</DiagramView>
</diagramViews>
</Diagram>
