<?xml version = '1.0' encoding = 'UTF-8'?>
<TriggerOraclev10g class="oracle.dbtools.crest.model.design.storage.oracle.v10g.TriggerOraclev10g" name="trg_tarjeta_debito" directorySegmentName="seg_0" id="8C258550-6D4E-9D61-0919-776F81B1EF86">
<sourceDDLFile>script completo.sql</sourceDDLFile>
<createdBy>angel</createdBy>
<createdTime>2025-05-01 17:08:44 UTC</createdTime>
<ownerDesignName>SBD1_Proyecto2_DataModeler</ownerDesignName>
<actions>INSERT</actions>
<body><![CDATA[DECLARE
    v_saldo_cuenta CUENTA.saldo_cuenta%TYPE;
    v_cuenta_existe NUMBER;
BEGIN
    IF :NEW.id_tipo = 'D' THEN
        -- Verificar primero si existe la cuenta
        SELECT COUNT(*) INTO v_cuenta_existe
        FROM CUENTA
        WHERE id_cuenta = :NEW.id_cuenta;
        
        IF v_cuenta_existe = 0 THEN
            RAISE_APPLICATION_ERROR(-20001, 'No existe la cuenta asociada para esta tarjeta de débito.');
        END IF;
        
        -- Obtener saldo solo si la cuenta existe
        SELECT saldo_cuenta INTO v_saldo_cuenta
        FROM CUENTA
        WHERE id_cuenta = :NEW.id_cuenta
        FOR UPDATE; -- Bloquea el registro para evitar cambios concurrentes
        
        -- Validar que el saldo no sea negativo
        IF v_saldo_cuenta < 0 THEN
            RAISE_APPLICATION_ERROR(-20002, 'La cuenta asociada tiene saldo negativo. No se puede crear tarjeta.');
        END IF;
        
        -- Asignar valores
        :NEW.saldo_tarjeta := v_saldo_cuenta;
        :NEW.monto_limite := v_saldo_cuenta;
    END IF;
EXCEPTION
    WHEN OTHERS THEN
        -- Manejo adicional de errores
        RAISE_APPLICATION_ERROR(-20003, 'Error en trg_tarjeta_debito: ' || SQLERRM);
END;]]></body>
<triggerTime>BEFORE</triggerTime>
<table>F3EE6FD8-B896-A765-B599-FDDDCE898033</table>
</TriggerOraclev10g>